Date,Transaction Description,Category,Amount,Type
2020-01-02,Score each.,NEC,1485.69,Expense
2020-01-02,Quality throughout.,NEC,1475.58,Expense
2020-01-04,Instead ahead despite measure ago.,NEC,1185.08,Expense
2020-01-05,Information last everything thank serve.,FFA,2291.0,Income
2020-01-13,Future choice whatever from.,NEC,1126.88,Expense
2020-01-14,Benefit suggest page southern.,NEC,448.68,Expense
2020-01-18,By two bad fall pick.,NEC,1520.03,Expense
2020-01-19,Court attorney product significant world.,UNKNOWN,3287.0,Income
2020-01-21,Herself law.,PLAY,1914.85,Expense
2020-01-25,Have decide environment.,NEC,766.06,Expense
2020-01-25,Play move each left establish.,HEALTH,1211.41,Expense
2020-01-26,Range successful simply.,INCOME,1077.09,Expense
2020-01-29,Source husband.,NEC,166.81,Expense
2020-01-30,Tree note responsibility.,HEALTH,1158.93,Expense
2020-01-31,How trip learn enter.,NEC,1325.91,Expense
2020-01-31,Much section investment on gun.,NEC,1712.08,Expense
2020-01-31,Management sense technology check civil.,NEC,563.17,Expense
2020-02-02,As high you more wife.,HEALTH,333.68,Expense
2020-02-04,Race mr.,PLAY,1406.62,Expense
2020-02-05,Born itself law west.,NEC,1222.17,Expense
2020-02-05,Seven medical blood personal.,FFA,1838.0,Income
2020-02-07,Current hear claim well two.,PLAY,1979.15,Expense
2020-02-07,Food affect upon these story.,PLAY,1372.38,Expense
2020-02-08,Around there water.,NEC,465.81,Expense
2020-02-08,Staff within mouth call.,UNKNOWN,3786.0,Income
2020-02-09,Close month parent who up.,PLAY,1827.14,Expense
2020-02-11,Human public health.,HEALTH,433.13,Expense
2020-02-13,Building different full open.,INCOME,294.31,Expense
2020-02-15,Detail audience piece director town.,UNKNOWN,4009.0,Income
2020-02-16,Method everything.,NEC,730.37,Expense
2020-02-16,Much rich think.,NEC,1023.96,Expense
2020-02-18,Drug list imagine behind.,FFA,1398.0,Income
2020-02-19,Interest level rock pull.,FFA,3958.0,Income
2020-02-20,I fund.,NEC,769.42,Expense
2020-02-26,Court movie cell.,PLAY,1942.45,Expense
2020-02-27,Leg themselves away.,NEC,1363.76,Expense
2020-02-28,Anything yourself.,UNKNOWN,3286.0,Income
2020-02-28,Unit support.,UNKNOWN,1795.0,Income
2020-02-29,Magazine degree husband around.,PLAY,1944.06,Expense
2020-03-03,World enter.,NEC,1742.33,Expense
2020-03-04,Institution whatever yet.,PLAY,314.15,Expense
2020-03-04,Choice father why often.,NEC,1201.9,Expense
2020-03-09,Security arm.,NEC,1858.91,Expense
2020-03-09,Me system church whether.,PLAY,486.51,Expense
2020-03-11,Attention attack technology.,NEC,180.45,Expense
2020-03-11,Walk now often.,NEC,1956.19,Expense
2020-03-12,Bank price north first end.,NEC,265.5,Expense
2020-03-12,Enter capital population.,NEC,537.46,Expense
2020-03-14,Upon very act perform.,NEC,1929.08,Expense
2020-03-15,Available defense.,PLAY,1428.77,Expense
2020-03-18,Value thing these.,HEALTH,881.82,Expense
2020-03-21,Citizen street region.,NEC,503.33,Expense
2020-03-23,Property never.,FFA,2385.0,Income
2020-03-23,Enough threat score.,NEC,151.28,Expense
2020-03-24,Example decision garden.,PLAY,144.13,Expense
2020-03-28,Major town suffer begin.,UNKNOWN,1080.0,Income
2020-04-01,Analysis four capital.,PLAY,1341.27,Expense
2020-04-05,Scientist necessary into.,NEC,1449.47,Expense
2020-04-06,Away third.,INCOME,493.56,Expense
2020-04-06,Along hard need involve among.,NEC,388.92,Expense
2020-04-10,Together decide.,UNKNOWN,3402.0,Income
2020-04-17,Government nice.,INCOME,1729.04,Expense
2020-04-17,See understand door class son.,FFA,996.0,Income
2020-04-18,Agent say forward us.,HEALTH,1603.18,Expense
2020-04-22,City red him.,FFA,2058.0,Income
2020-04-23,Develop staff least figure.,NEC,849.54,Expense
2020-04-25,Age cover foreign.,PLAY,1750.23,Expense
2020-04-26,Go meeting quickly.,FFA,914.0,Income
2020-04-26,Voice boy wife condition.,NEC,1938.3,Expense
2020-04-27,Board its.,PLAY,340.96,Expense
2020-04-27,Paper memory history office.,PLAY,1730.65,Expense
2020-04-29,Remember ability.,NEC,764.16,Expense
2020-04-30,Hair attorney professional.,PLAY,1853.77,Expense
2020-05-01,Finish summer rest feel finally.,PLAY,851.78,Expense
2020-05-03,I fast camera inside.,INCOME,318.05,Expense
2020-05-03,Past feeling nature.,NEC,1162.57,Expense
2020-05-05,Expert involve oil.,HEALTH,123.76,Expense
2020-05-06,Kid put memory soldier.,NEC,123.19,Expense
2020-05-06,Exist professional.,NEC,146.36,Expense
2020-05-07,Stand seem.,FFA,3807.0,Income
2020-05-11,Southern challenge animal.,FFA,825.0,Income
2020-05-12,Sure authority increase picture create.,NEC,1318.17,Expense
2020-05-13,Hundred challenge reach throughout.,HEALTH,1870.07,Expense
2020-05-14,Despite sound receive let.,HEALTH,484.99,Expense
2020-05-15,True building card.,PLAY,919.88,Expense
2020-05-16,Write other wear through partner.,NEC,28.54,Expense
2020-05-17,Store natural today season.,NEC,155.79,Expense
2020-05-19,Else easy point she.,PLAY,273.59,Expense
2020-05-20,Phone ever back experience.,NEC,1759.75,Expense
2020-05-21,Floor music catch discuss.,NEC,881.99,Expense
2020-05-25,Ask imagine my.,PLAY,1227.24,Expense
2020-05-27,Deal information.,NEC,1339.05,Expense
2020-05-28,Task she.,NEC,1878.47,Expense
2020-05-29,Accept goal send table.,FFA,1376.0,Income
2020-05-30,Section national owner determine detail.,NEC,551.97,Expense
2020-05-31,Ahead from quickly identify.,HEALTH,415.16,Expense
2020-05-31,Try wonder move trade.,PLAY,1015.76,Expense
2020-06-01,Base investment.,NEC,193.67,Expense
2020-06-02,Anyone here deep.,PLAY,97.73,Expense
2020-06-05,Seven here sell story.,NEC,1277.86,Expense
2020-06-06,Like see.,INCOME,1107.84,Expense
2020-06-07,Difference attention whatever american.,NEC,232.63,Expense
2020-06-08,Current after charge.,NEC,1095.72,Expense
2020-06-09,Prove nor design record.,NEC,865.28,Expense
2020-06-09,Paper white responsibility.,UNKNOWN,826.0,Income
2020-06-10,Blue agent find.,PLAY,1367.31,Expense
2020-06-10,Walk cup option store.,HEALTH,1562.43,Expense
2020-06-11,Recent feeling.,NEC,1947.94,Expense
2020-06-11,Site girl into have media.,PLAY,1730.57,Expense
2020-06-12,Support state.,NEC,1764.02,Expense
2020-06-14,Whether player stock religious.,UNKNOWN,3872.0,Income
2020-06-15,Safe whole establish.,PLAY,540.94,Expense
2020-06-18,Let stay or focus.,NEC,771.26,Expense
2020-06-18,Everything late.,UNKNOWN,2322.0,Income
2020-06-18,Particular her agreement surface consider.,UNKNOWN,3364.0,Income
2020-06-19,Something future they red.,PLAY,453.62,Expense
2020-06-19,Act way beat result major.,NEC,663.24,Expense
2020-06-21,Position make society behavior.,PLAY,708.78,Expense
2020-06-21,Reality fill ok list.,HEALTH,1879.08,Expense
2020-06-22,International second former reflect.,UNKNOWN,1962.0,Income
2020-06-22,Edge building court.,PLAY,86.13,Expense
2020-06-24,Week real course school everybody.,HEALTH,1459.8,Expense
2020-06-30,Executive beyond create dinner conference.,NEC,776.54,Expense
2020-06-30,Call animal approach factor want.,PLAY,98.33,Expense
2020-07-02,Their off.,PLAY,734.8,Expense
2020-07-03,Key continue anything wait.,UNKNOWN,3071.0,Income
2020-07-04,State husband.,NEC,1442.31,Expense
2020-07-05,Picture approach chance none fight.,PLAY,1337.12,Expense
2020-07-06,Newspaper indicate other.,PLAY,1113.28,Expense
2020-07-06,Herself training father open investment.,UNKNOWN,1925.0,Income
2020-07-08,Art whether between several personal.,PLAY,818.09,Expense
2020-07-11,Church community.,PLAY,580.96,Expense
2020-07-12,Able late order.,HEALTH,935.33,Expense
2020-07-12,Discuss religious.,PLAY,1027.24,Expense
2020-07-13,Reach under.,NEC,1321.11,Expense
2020-07-17,Boy different chance enter.,HEALTH,195.84,Expense
2020-07-20,Arrive society.,PLAY,1348.86,Expense
2020-07-21,Keep light fight.,PLAY,303.23,Expense
2020-07-21,Matter management ball.,UNKNOWN,1096.0,Income
2020-07-22,Same page ago director.,PLAY,1439.51,Expense
2020-07-22,Week yourself public especially american.,NEC,495.53,Expense
2020-07-22,Million kind everything young.,NEC,1786.39,Expense
2020-07-23,Why like impact fly.,NEC,1559.06,Expense
2020-07-24,Form really explain.,INCOME,109.93,Expense
2020-07-28,Already because education break significant.,NEC,918.36,Expense
2020-07-28,Price my.,HEALTH,1900.58,Expense
2020-07-29,Could gun.,NEC,1662.83,Expense
2020-07-30,Kind appear environment capital explain.,NEC,1489.87,Expense
2020-07-31,Ahead picture son.,PLAY,1506.04,Expense
2020-08-01,Nearly need behavior.,PLAY,1533.97,Expense
2020-08-01,Water positive child usually.,PLAY,556.45,Expense
2020-08-01,Relate indeed lot line lead.,UNKNOWN,2420.0,Income
2020-08-02,Course out second carry.,HEALTH,1787.12,Expense
2020-08-03,Significant take future.,FFA,2394.0,Income
2020-08-04,Star executive fear.,NEC,1415.77,Expense
2020-08-04,Your majority chance mrs generation.,UNKNOWN,3210.0,Income
2020-08-04,Help usually thank wonder draw.,NEC,133.91,Expense
2020-08-05,Task improve fish.,NEC,1810.63,Expense
2020-08-05,History professional star wonder.,NEC,1714.9,Expense
2020-08-06,Call whole.,NEC,959.19,Expense
2020-08-08,Them key.,PLAY,1509.42,Expense
2020-08-08,Address century that wide.,NEC,1081.06,Expense
2020-08-09,Sit enter perhaps however.,PLAY,981.58,Expense
2020-08-13,System teacher here first.,INCOME,67.76,Expense
2020-08-14,Along attention piece tv young.,NEC,1451.12,Expense
2020-08-16,Within set region beyond.,NEC,1961.64,Expense
2020-08-17,Tough animal someone.,NEC,1187.87,Expense
2020-08-18,Hear certainly most not.,NEC,1289.07,Expense
2020-08-19,Company participant him.,UNKNOWN,1988.0,Income
2020-08-20,Tree central leave effect.,UNKNOWN,3181.0,Income
2020-08-21,Together let.,HEALTH,681.63,Expense
2020-08-21,Citizen kid generation onto police.,PLAY,1506.5,Expense
2020-08-22,Lead few yourself.,PLAY,1671.47,Expense
2020-08-22,Down occur.,NEC,1999.82,Expense
2020-08-26,Yeah far within.,NEC,1564.65,Expense
2020-08-27,Account ten sing.,NEC,1899.73,Expense
2020-08-27,Seat strategy total simply discover.,FFA,1748.0,Income
2020-08-29,Pm per question.,INCOME,1342.22,Expense
2020-08-30,Best physical always small almost.,PLAY,935.42,Expense
2020-08-31,Bed far section.,HEALTH,343.9,Expense
2020-09-01,Car much will.,NEC,1557.81,Expense
2020-09-05,Tree store either station.,UNKNOWN,1385.0,Income
2020-09-05,Second full boy.,PLAY,1155.84,Expense
2020-09-06,Senior difficult put.,NEC,799.34,Expense
2020-09-07,Hand so add mr lawyer.,NEC,1188.27,Expense
2020-09-08,Herself police he push likely.,PLAY,212.78,Expense
2020-09-11,Trip determine as statement.,NEC,1594.49,Expense
2020-09-11,Bring animal also you.,NEC,700.94,Expense
2020-09-11,Doctor mr.,HEALTH,147.22,Expense
2020-09-16,He we recent music.,NEC,1700.66,Expense
2020-09-17,Those pressure street.,NEC,872.71,Expense
2020-09-17,Allow have kitchen.,INCOME,1417.54,Expense
2020-09-18,Between rate name within.,PLAY,1235.67,Expense
2020-09-18,Huge couple.,INCOME,935.1,Expense
2020-09-22,Begin deep police wife.,PLAY,651.39,Expense
2020-09-22,During call north attention.,NEC,565.07,Expense
2020-09-22,Only spend do.,INCOME,1144.0,Expense
2020-09-23,Able teach certain candidate economy.,HEALTH,67.11,Expense
2020-09-23,Produce ago.,NEC,980.22,Expense
2020-09-25,So draw food company.,PLAY,687.27,Expense
2020-09-27,Score moment second.,PLAY,1116.02,Expense
2020-09-27,Sing message board mean.,PLAY,180.37,Expense
2020-09-27,Feeling poor all your suggest.,INCOME,1114.8,Expense
2020-09-29,Make travel.,INCOME,1295.35,Expense
2020-09-30,Focus chance.,NEC,195.18,Expense
2020-10-01,Person one republican.,PLAY,619.35,Expense
2020-10-03,Most law painting between reduce.,INCOME,1111.41,Expense
2020-10-04,Involve thousand including.,HEALTH,710.1,Expense
2020-10-07,Indeed believe interview professor.,PLAY,510.29,Expense
2020-10-07,Rather listen before.,FFA,3084.0,Income
2020-10-07,It season.,FFA,2069.0,Income
2020-10-08,News only no.,INCOME,560.23,Expense
2020-10-08,Improve them wait.,PLAY,1961.22,Expense
2020-10-10,Why outside.,PLAY,462.69,Expense
2020-10-10,Official defense.,FFA,4875.0,Income
2020-10-10,Suggest glass news.,FFA,946.0,Income
2020-10-12,Off southern suddenly.,NEC,1279.36,Expense
2020-10-14,Participant price.,NEC,1746.71,Expense
2020-10-15,Congress reflect.,INCOME,962.64,Expense
2020-10-16,Go consider century price.,NEC,512.43,Expense
2020-10-16,Scientist will begin.,NEC,1646.01,Expense
2020-10-16,Heavy law church.,NEC,1158.27,Expense
2020-10-18,Since nothing be apply.,NEC,306.9,Expense
2020-10-19,Anyone bank kitchen interest parent.,PLAY,179.51,Expense
2020-10-23,Democratic mention generation.,NEC,1216.57,Expense
2020-10-24,Question or money.,PLAY,1553.63,Expense
2020-10-26,Determine worker.,INCOME,601.73,Expense
2020-10-27,Daughter war.,NEC,617.71,Expense
2020-10-27,Face build market.,NEC,1895.7,Expense
2020-10-27,Can mouth discover.,PLAY,536.65,Expense
2020-10-28,Author technology amount affect.,FFA,1923.0,Income
2020-10-29,Office of remember individual.,NEC,15.32,Expense
2020-10-30,Again foot soon peace.,INCOME,589.61,Expense
2020-10-31,Join black.,PLAY,1408.95,Expense
2020-11-01,Hundred bad that second develop.,PLAY,1848.58,Expense
2020-11-01,Member box.,PLAY,856.03,Expense
2020-11-02,Town glass road.,NEC,1817.74,Expense
2020-11-04,Bill eight community.,NEC,128.68,Expense
2020-11-06,Concern significant.,PLAY,883.92,Expense
2020-11-07,Senior service large under.,PLAY,1402.47,Expense
2020-11-09,Follow wife firm key light.,INCOME,881.14,Expense
2020-11-10,Option goal avoid.,NEC,1471.72,Expense
2020-11-10,Also hard expert popular.,NEC,191.74,Expense
2020-11-12,Order his oil west school.,NEC,1999.15,Expense
2020-11-12,Training occur could painting.,PLAY,1156.73,Expense
2020-11-14,Whatever late specific.,NEC,946.3,Expense
2020-11-14,Mean common.,PLAY,371.16,Expense
2020-11-14,Yard model particular hair.,INCOME,1938.42,Expense
2020-11-14,Impact full our smile.,NEC,673.28,Expense
2020-11-15,Form newspaper.,NEC,666.31,Expense
2020-11-15,Edge surface who.,PLAY,1328.54,Expense
2020-11-16,Bank professional true financial.,NEC,915.1,Expense
2020-11-16,Organization visit finally.,HEALTH,240.68,Expense
2020-11-17,Spend prove stock school.,NEC,1318.74,Expense
2020-11-20,Position interest.,NEC,117.87,Expense
2020-11-22,Guy congress.,INCOME,1254.56,Expense
2020-11-23,Way main difficult case.,PLAY,541.44,Expense
2020-11-25,Such big side.,UNKNOWN,4089.0,Income
2020-11-25,Product then.,INCOME,251.64,Expense
2020-11-26,Heavy class story side speak.,PLAY,1422.47,Expense
2020-11-27,Analysis hair rest wide.,NEC,1108.98,Expense
2020-11-27,Doctor dream whole six.,FFA,4280.0,Income
2020-11-29,Question now key show.,NEC,1001.77,Expense
2020-12-01,Month whom stage soon.,PLAY,836.83,Expense
2020-12-05,Appear lose he.,INCOME,495.02,Expense
2020-12-05,Surface expect several evening town.,NEC,389.31,Expense
2020-12-06,Begin treat stage this.,NEC,1729.41,Expense
2020-12-10,Apply maybe dog yes.,NEC,686.35,Expense
2020-12-10,Agreement us stuff.,PLAY,1642.89,Expense
2020-12-11,Case expert stop.,PLAY,1676.58,Expense
2020-12-12,Large accept bad eight.,INCOME,1731.87,Expense
2020-12-13,Vote participant institution simply down.,INCOME,696.8,Expense
2020-12-14,Draw police.,NEC,916.14,Expense
2020-12-14,Book toward.,PLAY,1961.74,Expense
2020-12-16,Place offer.,NEC,474.79,Expense
2020-12-16,Investment pass drive.,NEC,643.17,Expense
2020-12-16,Professor beat window.,NEC,778.3,Expense
2020-12-18,Name skill medical after them.,NEC,995.7,Expense
2020-12-18,Wonder effect administration small.,UNKNOWN,1322.0,Income
2020-12-20,Run pick sign.,INCOME,208.43,Expense
2020-12-20,And national spend.,NEC,1447.66,Expense
2020-12-22,Wonder long consider care.,NEC,158.91,Expense
2020-12-23,Fall analysis.,PLAY,683.74,Expense
2020-12-23,Firm financial.,NEC,1705.01,Expense
2020-12-24,List already positive experience television.,NEC,1908.74,Expense
2020-12-25,Event son join hundred.,INCOME,1746.04,Expense
2020-12-26,Fund cost reality happen.,FFA,2423.0,Income
2020-12-28,Song risk bad.,PLAY,1994.88,Expense
2020-12-30,Family bill foreign fast knowledge.,NEC,1956.89,Expense
2020-12-31,Ready goal amount.,NEC,892.92,Expense
2021-01-01,Your ever woman way avoid.,NEC,101.52,Expense
2021-01-06,Message seek civil all.,PLAY,723.34,Expense
2021-01-06,Call door.,PLAY,1067.02,Expense
2021-01-08,Him note painting quickly.,NEC,348.27,Expense
2021-01-10,Know baby case happen.,UNKNOWN,2472.0,Income
2021-01-10,Economic box save.,NEC,472.06,Expense
2021-01-11,Hit no energy employee land.,INCOME,518.1,Expense
2021-01-12,Customer career available common.,UNKNOWN,2856.0,Income
2021-01-13,Specific whose.,NEC,156.99,Expense
2021-01-13,Remember nearly face feel.,PLAY,1281.49,Expense
2021-01-14,Soldier meeting building.,PLAY,919.1,Expense
2021-01-14,Door management guess.,NEC,1708.14,Expense
2021-01-15,Level work candidate this.,UNKNOWN,3440.0,Income
2021-01-15,Huge response long.,PLAY,53.66,Expense
2021-01-17,Statement available win politics.,NEC,556.22,Expense
2021-01-17,Quite general there sister.,NEC,1822.13,Expense
2021-01-19,Item treat area.,PLAY,1553.72,Expense
2021-01-20,Check clearly follow remember generation.,HEALTH,445.82,Expense
2021-01-24,Suffer economy play.,UNKNOWN,1620.0,Income
2021-01-26,By field move.,NEC,624.78,Expense
2021-01-27,Option oil commercial.,HEALTH,1467.4,Expense
2021-01-27,American tell ball we side.,UNKNOWN,3176.0,Income
2021-01-27,Short indicate police.,NEC,409.58,Expense
2021-01-27,Nation politics few each southern.,HEALTH,1066.4,Expense
2021-01-29,Law read citizen.,NEC,521.37,Expense
2021-02-02,Less future century technology.,INCOME,1935.09,Expense
2021-02-05,Wish candidate have no.,HEALTH,1610.42,Expense
2021-02-05,Letter environment easy.,NEC,290.11,Expense
2021-02-08,Face his.,NEC,1934.87,Expense
2021-02-08,While total spend.,HEALTH,189.7,Expense
2021-02-09,Couple city you level.,PLAY,1077.78,Expense
2021-02-09,Age war measure whom.,PLAY,1173.27,Expense
2021-02-11,Good anything manager think pressure.,HEALTH,225.61,Expense
2021-02-11,Mr suggest issue.,NEC,1242.9,Expense
2021-02-13,Shake hand hundred now.,HEALTH,1831.36,Expense
2021-02-16,Network available mean share.,NEC,1274.45,Expense
2021-02-18,Quite budget window hour some.,PLAY,1301.99,Expense
2021-02-19,Voice sense current meeting matter.,FFA,804.0,Income
2021-02-20,Case four.,INCOME,241.08,Expense
2021-02-21,Lead paper middle foreign party.,NEC,783.41,Expense
2021-02-23,Wrong school federal from.,NEC,1178.81,Expense
2021-02-24,Majority none little admit former.,NEC,1313.29,Expense
2021-02-27,On someone rise read.,NEC,1878.72,Expense
2021-02-28,Listen whose situation simply officer.,HEALTH,442.37,Expense
2021-03-02,Lose modern return simple herself.,PLAY,1712.35,Expense
2021-03-02,Occur red.,UNKNOWN,4960.0,Income
2021-03-02,Kid industry.,HEALTH,130.49,Expense
2021-03-04,Improve simple turn.,NEC,1898.53,Expense
2021-03-05,Million night your.,NEC,1328.91,Expense
2021-03-05,Heavy what least mouth national.,NEC,110.65,Expense
2021-03-07,Machine whatever everything fear walk.,NEC,1576.09,Expense
2021-03-07,Relate real major.,PLAY,1176.9,Expense
2021-03-08,Night various return explain.,PLAY,663.83,Expense
2021-03-09,Here woman stand west source.,FFA,2771.0,Income
2021-03-09,Explain research.,NEC,1975.18,Expense
2021-03-10,Pretty section degree still.,NEC,228.75,Expense
2021-03-12,Receive case past only drug.,NEC,39.57,Expense
2021-03-15,Point appear including.,PLAY,1181.82,Expense
2021-03-15,Race case.,UNKNOWN,929.0,Income
2021-03-16,Imagine various there.,UNKNOWN,4809.0,Income
2021-03-16,Sense expert experience.,FFA,4401.0,Income
2021-03-17,Present discussion.,HEALTH,1031.34,Expense
2021-03-17,Individual study value.,FFA,855.0,Income
2021-03-18,Small control see the.,PLAY,921.5,Expense
2021-03-19,Across nothing.,NEC,1997.19,Expense
2021-03-20,Expect writer myself management.,NEC,1375.33,Expense
2021-03-21,Life cover both class.,INCOME,156.25,Expense
2021-03-22,Responsibility add front.,FFA,1038.0,Income
2021-03-22,Purpose cover particularly police if.,UNKNOWN,3620.0,Income
2021-03-22,Foreign husband believe word local.,PLAY,912.89,Expense
2021-03-23,End dog.,NEC,1588.26,Expense
2021-03-23,Few reveal activity president.,FFA,4023.0,Income
2021-03-24,Property let.,PLAY,833.49,Expense
2021-03-25,Rather type thousand show.,NEC,837.82,Expense
2021-03-26,Happen determine whatever.,UNKNOWN,3060.0,Income
2021-03-27,Lawyer writer health.,HEALTH,1907.65,Expense
2021-03-28,Serious soon stay seven.,INCOME,143.6,Expense
2021-03-29,Land region back nor article.,NEC,869.43,Expense
2021-03-30,Dark mr clearly take.,HEALTH,1625.42,Expense
2021-04-01,Quite response.,HEALTH,1343.33,Expense
2021-04-02,Together knowledge.,NEC,1737.5,Expense
2021-04-03,Car indeed nor next.,PLAY,1204.82,Expense
2021-04-03,How staff.,PLAY,317.91,Expense
2021-04-03,Authority interest red must art.,NEC,706.73,Expense
2021-04-08,All important shoulder she.,NEC,1527.59,Expense
2021-04-08,Year him thank trade.,NEC,1691.86,Expense
2021-04-09,Radio product.,NEC,1221.9,Expense
2021-04-11,President girl condition.,PLAY,67.62,Expense
2021-04-11,More road development about.,PLAY,1843.86,Expense
2021-04-12,Leg rest interest.,NEC,1741.03,Expense
2021-04-13,Easy get every.,NEC,148.47,Expense
2021-04-18,Special information.,NEC,192.6,Expense
2021-04-19,Deal beyond almost.,NEC,845.47,Expense
2021-04-19,Scientist i doctor.,HEALTH,630.16,Expense
2021-04-19,Cell year.,NEC,1767.85,Expense
2021-04-19,Five our pull fly few.,FFA,1168.0,Income
2021-04-21,Determine feel article we they.,NEC,976.47,Expense
2021-04-23,Quickly new another general poor.,PLAY,438.98,Expense
2021-04-23,Five indicate chance heavy senior.,HEALTH,865.53,Expense
2021-04-24,Support feeling remain.,INCOME,1058.6,Expense
2021-04-27,None whose.,PLAY,796.57,Expense
2021-04-27,Care drug data position two.,NEC,416.8,Expense
2021-04-27,Movie stop.,NEC,1530.68,Expense
2021-04-30,Help painting always.,NEC,25.38,Expense
2021-05-02,Source onto provide.,NEC,267.08,Expense
2021-05-04,Decade trade field training.,PLAY,1005.52,Expense
2021-05-04,While bring yourself.,HEALTH,153.43,Expense
2021-05-06,Receive region however.,NEC,878.08,Expense
2021-05-07,Focus executive letter possible final.,NEC,1725.6,Expense
2021-05-07,Third letter sort reveal seven.,NEC,1421.9,Expense
2021-05-07,Have including none.,NEC,816.01,Expense
2021-05-10,Administration network once.,NEC,1604.63,Expense
2021-05-11,Charge form here.,HEALTH,185.38,Expense
2021-05-11,Nearly want front shake.,PLAY,877.0,Expense
2021-05-12,Leave run goal cause.,NEC,797.58,Expense
2021-05-14,Contain threat wrong whatever.,HEALTH,450.93,Expense
2021-05-14,Stuff avoid.,NEC,1025.86,Expense
2021-05-15,Include successful.,FFA,3362.0,Income
2021-05-17,Religious across.,NEC,480.18,Expense
2021-05-19,Health pay project pattern.,FFA,1921.0,Income
2021-05-22,Administration mother in admit.,NEC,362.52,Expense
2021-05-23,Within admit spend purpose south.,INCOME,933.27,Expense
2021-05-24,Truth modern.,INCOME,1365.46,Expense
2021-05-24,People education great.,HEALTH,1729.85,Expense
2021-05-24,Health image.,NEC,885.13,Expense
2021-05-25,Wrong difficult range.,PLAY,1594.7,Expense
2021-05-25,Behavior here.,HEALTH,1019.6,Expense
2021-05-27,Argue act commercial matter.,INCOME,84.84,Expense
2021-05-27,Not teach believe month.,PLAY,162.69,Expense
2021-05-29,Deep test thought.,NEC,1233.87,Expense
2021-05-30,Another avoid understand.,INCOME,1164.86,Expense
2021-05-31,Probably conference sure administration debate.,NEC,904.97,Expense
2021-05-31,Up federal nor note.,PLAY,649.84,Expense
2021-06-02,Forward sense cause write right.,NEC,1915.87,Expense
2021-06-02,Approach join stuff future.,HEALTH,1964.95,Expense
2021-06-03,Ahead event yeah make.,FFA,820.0,Income
2021-06-06,Wait it quickly produce beat.,INCOME,1982.06,Expense
2021-06-06,Require bank child.,NEC,734.16,Expense
2021-06-06,First blood accept final.,NEC,823.45,Expense
2021-06-09,Bill beautiful issue.,NEC,1580.56,Expense
2021-06-11,Mention billion bed never others.,NEC,666.08,Expense
2021-06-11,Activity including single right.,NEC,575.45,Expense
2021-06-14,Occur college herself.,NEC,673.39,Expense
2021-06-15,Feeling manage as.,NEC,1834.33,Expense
2021-06-16,Inside machine baby.,NEC,266.61,Expense
2021-06-20,Result many pattern.,NEC,626.07,Expense
2021-06-20,Career according.,HEALTH,1628.24,Expense
2021-06-22,Success here television key.,NEC,1295.59,Expense
2021-06-23,Carry fly water cut fire.,HEALTH,46.28,Expense
2021-06-24,Fact reason make office.,PLAY,690.05,Expense
2021-06-26,Heavy staff hotel box.,PLAY,460.82,Expense
2021-06-27,Or nation race.,FFA,2923.0,Income
2021-06-28,Well left.,NEC,1020.3,Expense
2021-06-28,Something story attorney summer.,NEC,1327.24,Expense
2021-06-28,Cause field education child.,NEC,1198.52,Expense
2021-06-28,Available wrong look husband.,FFA,1856.0,Income
2021-06-29,Myself so growth time.,NEC,827.61,Expense
2021-07-04,Point be shoulder price great.,PLAY,1939.48,Expense
2021-07-04,Worker quality hundred sell whole.,INCOME,475.67,Expense
2021-07-04,Action else.,INCOME,1808.91,Expense
2021-07-06,Newspaper reach determine hear leg.,UNKNOWN,4282.0,Income
2021-07-07,General agency bit.,NEC,1010.78,Expense
2021-07-09,Break wait.,NEC,1635.61,Expense
2021-07-09,Find lay deal lot.,NEC,1747.27,Expense
2021-07-10,Just recent.,UNKNOWN,3540.0,Income
2021-07-10,Feel special.,NEC,1425.69,Expense
2021-07-11,Support possible.,NEC,577.28,Expense
2021-07-11,Might necessary former.,PLAY,904.15,Expense
2021-07-11,Discussion if continue policy.,NEC,192.51,Expense
2021-07-12,Ahead pass culture or.,INCOME,1770.41,Expense
2021-07-13,Relate day.,NEC,115.98,Expense
2021-07-14,Big the cost for leader.,PLAY,778.47,Expense
2021-07-15,Month police others particularly.,FFA,730.0,Income
2021-07-19,Girl suddenly.,NEC,1679.96,Expense
2021-07-19,Try opportunity public.,NEC,283.82,Expense
2021-07-23,Draw bring health.,INCOME,1395.18,Expense
2021-07-23,Home others offer institution main.,UNKNOWN,4174.0,Income
2021-07-24,Never majority cell.,NEC,47.82,Expense
2021-07-28,People tend weight machine.,NEC,1102.12,Expense
2021-07-29,White measure manager range.,NEC,231.26,Expense
2021-08-02,Major bar air set.,PLAY,252.48,Expense
2021-08-06,Ever mrs.,INCOME,134.99,Expense
2021-08-07,Not significant manager member.,INCOME,1197.51,Expense
2021-08-07,Environmental myself.,FFA,1676.0,Income
2021-08-08,State among rest national wrong.,NEC,1233.47,Expense
2021-08-09,Fear yourself last.,NEC,382.75,Expense
2021-08-11,Keep yes.,HEALTH,144.68,Expense
2021-08-13,Specific onto go.,NEC,787.0,Expense
2021-08-13,Pattern size spend.,NEC,1962.27,Expense
2021-08-15,Go exactly much food region.,NEC,720.62,Expense
2021-08-16,Environment teach world quickly believe.,FFA,1349.0,Income
2021-08-18,Yeah term.,HEALTH,275.49,Expense
2021-08-20,Economic represent stock.,HEALTH,1628.88,Expense
2021-08-21,Central plan physical heart.,UNKNOWN,4420.0,Income
2021-08-21,Idea seek.,NEC,135.57,Expense
2021-08-22,Wear force able similar.,INCOME,83.6,Expense
2021-08-23,Play recently sure somebody.,PLAY,1772.72,Expense
2021-08-24,Why station manager.,PLAY,1035.61,Expense
2021-08-25,Front official not.,INCOME,514.09,Expense
2021-08-27,Thus several animal phone.,PLAY,579.36,Expense
2021-08-29,Buy tax.,NEC,1732.94,Expense
2021-09-05,A when dark read.,NEC,1600.69,Expense
2021-09-06,City usually ever.,NEC,1489.18,Expense
2021-09-09,Bar professor power.,NEC,684.68,Expense
2021-09-09,Personal rise sense investment.,UNKNOWN,3509.0,Income
2021-09-09,Ability live.,PLAY,1604.28,Expense
2021-09-10,Difficult quite act receive stage.,NEC,866.91,Expense
2021-09-11,Local director become.,NEC,1095.49,Expense
2021-09-11,Finish thing.,NEC,662.56,Expense
2021-09-11,Similar send card year.,INCOME,1209.22,Expense
2021-09-11,Most across.,INCOME,709.58,Expense
2021-09-15,Goal defense security turn.,UNKNOWN,4063.0,Income
2021-09-16,Beautiful beyond sell.,NEC,159.33,Expense
2021-09-16,White fire cause everybody.,HEALTH,1031.04,Expense
2021-09-17,Network outside parent.,NEC,1906.05,Expense
2021-09-17,Day parent country.,UNKNOWN,785.0,Income
2021-09-19,Position six soldier.,FFA,3500.0,Income
2021-09-19,History drop point audience.,NEC,1214.14,Expense
2021-09-19,Value car team nothing.,HEALTH,750.31,Expense
2021-09-19,Raise several west side admit.,NEC,1063.63,Expense
2021-09-20,Energy always.,PLAY,506.73,Expense
2021-09-21,Media pick may indeed.,FFA,4588.0,Income
2021-09-28,Policy mrs.,NEC,530.94,Expense
2021-10-01,Base bad tv.,INCOME,437.0,Expense
2021-10-07,Force only shake power poor.,INCOME,408.35,Expense
2021-10-08,Role suffer around beat.,FFA,4203.0,Income
2021-10-13,Law participant.,UNKNOWN,1219.0,Income
2021-10-13,Budget remain reduce.,HEALTH,1339.0,Expense
2021-10-13,Well mission situation result.,PLAY,1783.75,Expense
2021-10-16,Camera sit environmental though.,NEC,1589.46,Expense
2021-10-20,Southern evening ask republican.,NEC,1970.41,Expense
2021-10-21,Baby lawyer growth matter note.,PLAY,1582.84,Expense
2021-10-22,Effort bill off.,UNKNOWN,4328.0,Income
2021-10-24,Scientist able teach.,NEC,1227.78,Expense
2021-10-24,Animal hair turn.,UNKNOWN,3761.0,Income
2021-10-27,Need trial.,INCOME,1056.13,Expense
2021-10-27,Focus indicate result.,NEC,259.4,Expense
2021-10-30,Number budget.,NEC,905.45,Expense
2021-11-03,Development middle animal.,HEALTH,265.39,Expense
2021-11-04,Theory tend.,NEC,1537.89,Expense
2021-11-05,Beat lead hard factor.,FFA,1517.0,Income
2021-11-05,Drug happy will young simply.,PLAY,337.67,Expense
2021-11-06,Character usually agency.,PLAY,698.59,Expense
2021-11-07,Player really act friend.,PLAY,1693.41,Expense
2021-11-10,Billion morning draw.,PLAY,259.09,Expense
2021-11-15,Win central.,NEC,1010.12,Expense
2021-11-16,Analysis discuss.,FFA,1902.0,Income
2021-11-17,Red head window be.,HEALTH,1686.63,Expense
2021-11-18,Card star avoid nothing.,NEC,171.63,Expense
2021-11-18,Door end fire.,PLAY,1305.75,Expense
2021-11-19,Fish evening avoid dark.,NEC,1240.04,Expense
2021-11-21,Choice clearly.,UNKNOWN,2974.0,Income
2021-11-21,Image movie who debate.,NEC,601.89,Expense
2021-11-21,Enter build citizen rather.,FFA,1794.0,Income
2021-11-23,Structure foreign before.,INCOME,934.24,Expense
2021-11-26,How any federal star.,NEC,632.04,Expense
2021-11-27,Weight take.,HEALTH,1950.99,Expense
2021-11-28,Economic left sound cause activity.,UNKNOWN,4718.0,Income
2021-12-01,Cup hundred rather.,HEALTH,491.06,Expense
2021-12-02,Only true avoid young cup.,UNKNOWN,2530.0,Income
2021-12-03,Begin suggest speak.,FFA,2877.0,Income
2021-12-03,Walk anything.,NEC,504.06,Expense
2021-12-08,Start house ahead raise.,NEC,1628.82,Expense
2021-12-09,Democrat cost evidence third.,HEALTH,387.77,Expense
2021-12-09,People early far include nearly.,UNKNOWN,4585.0,Income
2021-12-11,Evidence case.,INCOME,56.12,Expense
2021-12-12,Eat yes myself affect him.,INCOME,1933.71,Expense
2021-12-13,Name machine tree maybe.,HEALTH,106.83,Expense
2021-12-13,Conference five despite.,INCOME,578.64,Expense
2021-12-15,Speak line.,FFA,4030.0,Income
2021-12-15,Yourself wind beyond prevent entire.,UNKNOWN,3496.0,Income
2021-12-16,Offer work home.,HEALTH,100.03,Expense
2021-12-19,Door fish scene.,FFA,3469.0,Income
2021-12-20,Agreement red way nor none.,NEC,778.83,Expense
2021-12-20,My compare also argue.,PLAY,1652.37,Expense
2021-12-23,Money a.,NEC,266.04,Expense
2021-12-24,Future concern sort.,UNKNOWN,3277.0,Income
2021-12-26,Against only.,HEALTH,1512.38,Expense
2021-12-28,Suffer team.,UNKNOWN,4596.0,Income
2021-12-31,Relate product only from.,FFA,1622.0,Income
2022-01-01,Wish run join.,INCOME,1043.47,Expense
2022-01-03,Company why really up.,FFA,3186.0,Income
2022-01-03,Program sport her.,HEALTH,333.38,Expense
2022-01-03,Concern ability reduce.,PLAY,1191.51,Expense
2022-01-04,Surface side nothing consider.,INCOME,1420.39,Expense
2022-01-05,Determine not view cell seat.,NEC,743.03,Expense
2022-01-06,Word collection those become.,NEC,1171.57,Expense
2022-01-08,Activity decide really go.,NEC,1197.85,Expense
2022-01-09,Answer just.,PLAY,1445.59,Expense
2022-01-13,This manage her.,NEC,1053.22,Expense
2022-01-13,Big look tell prepare.,NEC,304.07,Expense
2022-01-14,Later son almost.,NEC,1149.41,Expense
2022-01-16,End bit game thousand.,PLAY,47.69,Expense
2022-01-16,Natural together.,NEC,831.79,Expense
2022-01-18,Order party lot all.,INCOME,1746.91,Expense
2022-01-18,Threat church big day couple.,NEC,1414.49,Expense
2022-01-21,Enter example down anyone occur.,HEALTH,1996.26,Expense
2022-01-21,Approach about because.,NEC,634.37,Expense
2022-01-22,Best deal point.,UNKNOWN,4975.0,Income
2022-01-23,Such final however major.,PLAY,1224.05,Expense
2022-01-24,Politics hold.,FFA,2785.0,Income
2022-01-28,Hard knowledge enjoy let.,PLAY,1883.56,Expense
2022-02-01,Nor character recent.,PLAY,1412.75,Expense
2022-02-02,Property space.,INCOME,640.91,Expense
2022-02-05,Dinner article hit mission whole.,PLAY,582.7,Expense
2022-02-05,Think live bad total research.,NEC,1792.56,Expense
2022-02-06,Too song quality per build.,HEALTH,1909.67,Expense
2022-02-08,We cold deep.,PLAY,93.71,Expense
2022-02-08,Amount bad raise.,NEC,699.26,Expense
2022-02-09,Challenge organization floor road southern.,PLAY,1497.2,Expense
2022-02-10,News need task mind.,PLAY,1866.72,Expense
2022-02-10,Onto site both change note.,NEC,227.36,Expense
2022-02-10,Understand none.,PLAY,492.49,Expense
2022-02-10,Test they there.,PLAY,1279.51,Expense
2022-02-11,Pressure occur list common.,UNKNOWN,3205.0,Income
2022-02-14,Peace race i.,NEC,1365.57,Expense
2022-02-17,Real any little environmental.,FFA,3833.0,Income
2022-02-17,Full soldier.,INCOME,960.12,Expense
2022-02-17,Successful teach range.,UNKNOWN,3131.0,Income
2022-02-17,Feel season similar.,NEC,1816.79,Expense
2022-02-18,Rock painting become.,FFA,4883.0,Income
2022-02-21,Tree imagine machine.,NEC,1827.33,Expense
2022-02-22,Start middle city find.,FFA,797.0,Income
2022-02-22,Career surface these ahead.,NEC,1578.04,Expense
2022-02-25,Student economic lead.,UNKNOWN,806.0,Income
2022-02-27,Ever statement measure.,FFA,3244.0,Income
2022-03-01,Drop major.,INCOME,1779.63,Expense
2022-03-02,Whether listen necessary.,UNKNOWN,2735.0,Income
2022-03-04,Study else store.,FFA,3208.0,Income
2022-03-05,Agree anyone take.,UNKNOWN,2607.0,Income
2022-03-07,Positive question especially.,NEC,1475.87,Expense
2022-03-07,After sister should across treatment.,PLAY,359.23,Expense
2022-03-12,Song difference part wall require.,NEC,1655.71,Expense
2022-03-14,Time surface learn design.,NEC,807.66,Expense
2022-03-17,Station however bill memory production.,FFA,4411.0,Income
2022-03-17,Positive participant fear blue as.,PLAY,23.59,Expense
2022-03-18,Technology end represent throughout.,INCOME,1509.98,Expense
2022-03-18,Change she tonight.,PLAY,1169.1,Expense
2022-03-18,Race return pretty young.,PLAY,1310.83,Expense
2022-03-20,Identify say on yes.,NEC,1338.89,Expense
2022-03-20,Risk develop movement size.,NEC,816.78,Expense
2022-03-22,Feel color price next.,PLAY,1383.68,Expense
2022-03-23,Likely scientist.,PLAY,741.41,Expense
2022-03-23,Water tonight pressure.,NEC,961.58,Expense
2022-03-24,Development the inside thought.,HEALTH,837.53,Expense
2022-03-25,One less brother.,INCOME,1517.13,Expense
2022-03-26,Oil per line create build.,PLAY,1526.1,Expense
2022-03-27,Fear approach take case customer.,NEC,1055.76,Expense
2022-03-28,Throughout would century television congress.,HEALTH,165.42,Expense
2022-03-28,Forward would finish around.,NEC,1659.26,Expense
2022-03-28,Decide similar office.,PLAY,1149.68,Expense
2022-03-28,Size sister can its.,UNKNOWN,4762.0,Income
2022-03-29,Investment local above move.,PLAY,1436.67,Expense
2022-03-29,Throughout series.,INCOME,1619.3,Expense
2022-03-31,Adult above safe.,NEC,919.03,Expense
2022-03-31,Fine bill me fill.,UNKNOWN,3024.0,Income
2022-03-31,Fear fact.,NEC,516.37,Expense
2022-04-01,Model its rather card you.,FFA,1098.0,Income
2022-04-01,Seek close trade speech.,UNKNOWN,1022.0,Income
2022-04-01,Difference world deep.,NEC,1869.82,Expense
2022-04-01,Mean but represent society heart.,UNKNOWN,759.0,Income
2022-04-02,Perhaps order answer blue structure.,NEC,1540.25,Expense
2022-04-02,Indicate herself.,NEC,755.18,Expense
2022-04-03,Listen check receive.,INCOME,1740.54,Expense
2022-04-03,Inside big minute.,NEC,169.7,Expense
2022-04-04,Store bit responsibility brother.,NEC,1310.53,Expense
2022-04-05,Marriage participant.,NEC,1985.77,Expense
2022-04-08,Win group important civil nature.,NEC,1458.44,Expense
2022-04-09,Former able public trade.,NEC,1514.8,Expense
2022-04-09,Chance bed memory rich.,INCOME,1350.26,Expense
2022-04-10,Popular lead with.,NEC,1648.49,Expense
2022-04-10,Anyone spend them system.,HEALTH,318.69,Expense
2022-04-16,International break surface three.,FFA,763.0,Income
2022-04-18,Professional color group.,NEC,1233.7,Expense
2022-04-18,Environmental run head garden box.,NEC,488.93,Expense
2022-04-21,Even history surface son.,FFA,4157.0,Income
2022-04-22,Car risk.,NEC,497.02,Expense
2022-04-22,Indeed opportunity.,UNKNOWN,2419.0,Income
2022-04-24,Consider here grow agreement.,NEC,288.87,Expense
2022-04-24,Turn both in animal.,PLAY,1633.41,Expense
2022-04-29,Actually than modern season.,HEALTH,1159.17,Expense
2022-04-30,Within prove full.,HEALTH,481.44,Expense
2022-05-02,Believe product eat generation put.,PLAY,832.98,Expense
2022-05-02,Stuff next write.,NEC,1255.73,Expense
2022-05-03,Poor church.,INCOME,103.3,Expense
2022-05-05,Thank avoid man drive.,NEC,1573.75,Expense
2022-05-05,Medical nearly.,NEC,822.44,Expense
2022-05-06,Stage bad know of.,NEC,1511.29,Expense
2022-05-07,Language budget market president.,PLAY,608.47,Expense
2022-05-07,Include news a before.,INCOME,1830.33,Expense
2022-05-07,None pressure lay future stay.,NEC,1119.0,Expense
2022-05-08,Forward should outside respond.,FFA,2588.0,Income
2022-05-08,Box service develop game.,NEC,1845.23,Expense
2022-05-09,Miss reduce animal clearly cell.,NEC,1075.91,Expense
2022-05-09,Effect cultural.,NEC,544.24,Expense
2022-05-11,Democratic station course full.,NEC,1748.5,Expense
2022-05-13,Unit study.,FFA,4427.0,Income
2022-05-13,Leader operation mean white.,HEALTH,613.34,Expense
2022-05-14,Save network item one under.,PLAY,1874.95,Expense
2022-05-19,Community spring billion price paper.,NEC,1496.29,Expense
2022-05-19,Thing industry participant realize.,PLAY,1394.3,Expense
2022-05-20,Huge garden family.,NEC,1831.1,Expense
2022-05-20,Include record security.,PLAY,767.52,Expense
2022-05-22,Team republican very plan cut.,HEALTH,623.76,Expense
2022-05-23,Tv car report window.,INCOME,937.35,Expense
2022-05-24,My pm report set.,INCOME,1525.64,Expense
2022-05-24,Old wall report purpose.,PLAY,747.7,Expense
2022-05-25,There institution actually.,PLAY,1485.09,Expense
2022-05-27,Herself apply.,UNKNOWN,2918.0,Income
2022-05-28,Environment size worker.,UNKNOWN,2384.0,Income
2022-05-29,Style real far.,PLAY,1003.61,Expense
2022-05-29,Grow laugh.,HEALTH,522.08,Expense
2022-05-30,Score night down.,INCOME,927.05,Expense
2022-05-30,Unit hold.,HEALTH,346.84,Expense
2022-05-31,Approach season data than team.,INCOME,376.26,Expense
2022-06-01,Treatment relate positive.,NEC,1052.65,Expense
2022-06-01,Cultural right cover large work.,NEC,1890.92,Expense
2022-06-04,While same budget.,NEC,830.66,Expense
2022-06-04,Evidence enough claim suffer.,PLAY,145.26,Expense
2022-06-06,Letter visit always up.,FFA,4642.0,Income
2022-06-07,Past product make of group.,NEC,1239.49,Expense
2022-06-07,Detail contain attention measure indeed.,INCOME,1321.98,Expense
2022-06-11,Begin determine degree forward.,UNKNOWN,597.0,Income
2022-06-11,Despite sell most.,UNKNOWN,4888.0,Income
2022-06-12,Boy generation.,NEC,1009.41,Expense
2022-06-12,Truth during always those high.,NEC,1614.27,Expense
2022-06-12,Either rich agency might.,NEC,1836.92,Expense
2022-06-13,Sort knowledge analysis together court.,PLAY,391.94,Expense
2022-06-17,Way cold.,HEALTH,541.98,Expense
2022-06-17,Account assume prove similar ten.,HEALTH,1919.0,Expense
2022-06-18,Day stock.,PLAY,1980.56,Expense
2022-06-19,Section child.,NEC,1310.93,Expense
2022-06-20,Also available concern edge.,NEC,196.07,Expense
2022-06-21,Start treat imagine later identify.,INCOME,121.67,Expense
2022-06-21,Hope brother.,FFA,1177.0,Income
2022-06-23,As second animal summer group.,NEC,1293.37,Expense
2022-06-23,Face rate.,NEC,1790.63,Expense
2022-06-25,She join house.,PLAY,430.72,Expense
2022-06-25,Choose detail section someone.,INCOME,549.48,Expense
2022-06-26,Whether century quality.,PLAY,1799.63,Expense
2022-06-26,Network never.,NEC,366.92,Expense
2022-06-30,Above others.,NEC,1923.32,Expense
2022-07-01,Water fight security tough gas.,NEC,1858.46,Expense
2022-07-02,Central contain pattern education boy.,PLAY,1137.72,Expense
2022-07-04,Surface usually.,HEALTH,773.85,Expense
2022-07-04,Popular available public economy.,NEC,1006.58,Expense
2022-07-04,Maintain former campaign pretty beyond.,NEC,204.39,Expense
2022-07-05,Fish late pattern.,NEC,687.78,Expense
2022-07-06,Charge note space when collection.,NEC,1938.15,Expense
2022-07-13,Size republican political.,PLAY,1569.26,Expense
2022-07-17,Care run there leg.,PLAY,718.06,Expense
2022-07-17,Main board population.,NEC,379.62,Expense
2022-07-17,Teach cause mrs.,NEC,180.53,Expense
2022-07-18,Baby away affect medical all.,PLAY,1429.09,Expense
2022-07-18,If operation trade necessary myself.,FFA,3612.0,Income
2022-07-19,President chance hotel through.,NEC,1481.91,Expense
2022-07-20,Let member however.,NEC,192.13,Expense
2022-07-22,Production summer.,INCOME,726.24,Expense
2022-07-25,Cell city not not the.,NEC,183.72,Expense
2022-07-27,Voice american seven discussion.,NEC,215.55,Expense
2022-07-27,Doctor protect military social.,FFA,3157.0,Income
2022-07-27,Truth thing always possible.,NEC,590.78,Expense
2022-07-27,Plant event score official now.,NEC,1452.44,Expense
2022-07-28,Half president structure might.,PLAY,1148.2,Expense
2022-07-28,Might good test.,UNKNOWN,1888.0,Income
2022-07-29,Thought according think key.,UNKNOWN,2698.0,Income
2022-07-30,Method exactly.,NEC,342.74,Expense
2022-07-31,Church own stage.,PLAY,973.62,Expense
2022-08-02,Specific result loss long.,UNKNOWN,2520.0,Income
2022-08-02,Claim street against amount of.,INCOME,1191.67,Expense
2022-08-03,Picture always occur.,FFA,1609.0,Income
2022-08-04,Election conference when.,NEC,671.11,Expense
2022-08-06,These road.,HEALTH,886.04,Expense
2022-08-07,Describe paper.,NEC,607.87,Expense
2022-08-12,Color store over some.,PLAY,963.23,Expense
2022-08-13,Process enough right garden law.,UNKNOWN,3114.0,Income
2022-08-15,Her car admit.,INCOME,1935.85,Expense
2022-08-15,Range step painting concern.,HEALTH,758.35,Expense
2022-08-16,Me brother lot candidate owner.,NEC,736.38,Expense
2022-08-16,Miss have analysis morning.,PLAY,1188.53,Expense
2022-08-17,Smile high open scientist.,NEC,1906.48,Expense
2022-08-18,International effort.,PLAY,882.53,Expense
2022-08-19,Exist theory.,NEC,1639.74,Expense
2022-08-21,Country remember smile.,NEC,1349.23,Expense
2022-08-21,Brother according pressure reach firm.,UNKNOWN,2482.0,Income
2022-08-22,Choice prepare.,NEC,1433.32,Expense
2022-08-22,Talk interest hand.,NEC,903.64,Expense
2022-08-23,Sense including six lot.,NEC,1073.39,Expense
2022-08-24,Never effect fill general relationship.,NEC,1091.85,Expense
2022-08-26,Security land record.,HEALTH,1406.25,Expense
2022-08-26,Democrat hundred.,NEC,227.65,Expense
2022-08-28,Pass range appear home player.,HEALTH,341.01,Expense
2022-08-29,Likely outside because.,NEC,1933.95,Expense
2022-08-30,He participant right.,NEC,220.83,Expense
2022-08-31,Prevent expert white arm similar.,FFA,4683.0,Income
2022-08-31,Keep cut prevent sound.,PLAY,897.1,Expense
2022-09-01,Almost outside middle.,NEC,696.49,Expense
2022-09-02,College already dream a church.,FFA,2920.0,Income
2022-09-03,Good house only military.,NEC,240.98,Expense
2022-09-03,Near risk.,NEC,703.17,Expense
2022-09-03,Give white everybody paper create.,PLAY,1047.02,Expense
2022-09-04,Above company media next me.,NEC,881.95,Expense
2022-09-04,Sort what.,HEALTH,143.68,Expense
2022-09-05,Economic kind help low during.,FFA,685.0,Income
2022-09-06,Race to television loss.,NEC,1357.51,Expense
2022-09-07,Him small.,FFA,4727.0,Income
2022-09-08,Son include good.,FFA,3211.0,Income
2022-09-10,Red enjoy.,INCOME,471.39,Expense
2022-09-11,Human see.,NEC,380.91,Expense
2022-09-11,Never condition.,NEC,68.09,Expense
2022-09-12,Despite off consumer second.,PLAY,904.65,Expense
2022-09-14,Say dog drug enter.,NEC,1412.42,Expense
2022-09-15,Strong student green.,NEC,1158.92,Expense
2022-09-15,Turn put professional.,NEC,737.93,Expense
2022-09-17,When summer he firm together.,FFA,2649.0,Income
2022-09-18,Make worker trouble.,INCOME,1060.15,Expense
2022-09-19,Develop office approach son.,NEC,1226.5,Expense
2022-09-19,Allow girl team simply lead.,HEALTH,710.45,Expense
2022-09-21,Least ready activity decision ok.,NEC,1629.34,Expense
2022-09-23,Party employee nature down.,PLAY,1838.18,Expense
2022-09-26,Gas contain interest industry sell.,NEC,633.24,Expense
2022-09-26,Evidence conference capital office.,NEC,374.26,Expense
2022-09-28,Result sound.,NEC,842.3,Expense
2022-09-29,Task cultural son school.,UNKNOWN,3965.0,Income
2022-09-29,Computer matter.,FFA,1866.0,Income
2022-09-30,Result size feel no nothing.,NEC,382.33,Expense
2022-10-01,Real art.,NEC,1732.39,Expense
2022-10-02,Stuff benefit seat employee.,INCOME,281.7,Expense
2022-10-03,Newspaper special general in go.,INCOME,824.18,Expense
2022-10-04,Office power company sister great.,INCOME,982.51,Expense
2022-10-04,Simple land bad party.,FFA,2306.0,Income
2022-10-05,What than political up instead.,PLAY,457.44,Expense
2022-10-08,Support author class direction.,INCOME,1135.64,Expense
2022-10-10,Report painting house.,INCOME,1103.96,Expense
2022-10-12,Security minute late cold.,FFA,2694.0,Income
2022-10-12,Road product wait.,HEALTH,1088.67,Expense
2022-10-13,Cold billion as.,INCOME,1097.24,Expense
2022-10-19,Approach side model you billion.,NEC,1474.62,Expense
2022-10-19,Pressure those.,PLAY,602.44,Expense
2022-10-20,Easy exist phone.,INCOME,533.0,Expense
2022-10-21,Stuff agreement professional team foot.,NEC,883.75,Expense
2022-10-22,Window music evening know.,PLAY,427.66,Expense
2022-10-23,Opportunity lead see.,HEALTH,1723.49,Expense
2022-10-25,Model police finally girl.,NEC,340.3,Expense
2022-10-28,Source kind hand.,FFA,2195.0,Income
2022-10-30,Field a spring.,HEALTH,1069.24,Expense
2022-10-31,Expert movement reach man.,NEC,654.07,Expense
2022-11-03,Across involve fall.,PLAY,1149.74,Expense
2022-11-04,Nature country.,NEC,279.82,Expense
2022-11-05,House clear say hope.,NEC,1838.35,Expense
2022-11-07,Enjoy instead dream.,NEC,1405.84,Expense
2022-11-07,Possible mother especially.,FFA,3138.0,Income
2022-11-09,Consumer face.,NEC,984.02,Expense
2022-11-10,Laugh red man fly charge.,PLAY,1259.35,Expense
2022-11-13,Control bill.,NEC,1270.92,Expense
2022-11-14,Resource road do.,NEC,811.67,Expense
2022-11-14,Management game.,HEALTH,914.84,Expense
2022-11-15,Your less social form.,NEC,1739.13,Expense
2022-11-17,Entire hotel.,NEC,1464.55,Expense
2022-11-17,Consider time economic high.,HEALTH,1701.71,Expense
2022-11-18,Window research his.,NEC,443.48,Expense
2022-11-19,Scene almost leave.,PLAY,994.48,Expense
2022-11-21,Program decade home which view.,PLAY,682.13,Expense
2022-11-22,Rock seat near business loss.,INCOME,1578.72,Expense
2022-11-26,Growth appear project.,NEC,101.43,Expense
2022-11-26,Plan foot cold.,INCOME,42.4,Expense
2022-11-28,Build smile across among situation.,NEC,888.16,Expense
2022-11-28,Choice side eat matter rather.,UNKNOWN,2157.0,Income
2022-12-01,Art green child movie blue.,NEC,1765.47,Expense
2022-12-03,First next popular.,PLAY,195.75,Expense
2022-12-04,Run again help right.,NEC,749.97,Expense
2022-12-05,Magazine join.,NEC,113.06,Expense
2022-12-05,Recent couple cost girl run.,PLAY,864.17,Expense
2022-12-07,Trial never attention choice fast.,FFA,508.0,Income
2022-12-12,Happen a point here control.,NEC,274.07,Expense
2022-12-13,Task simply draw return probably.,INCOME,28.48,Expense
2022-12-15,Couple raise she child.,NEC,1976.43,Expense
2022-12-16,Important focus benefit probably.,NEC,960.62,Expense
2022-12-18,Condition all blood.,NEC,1464.22,Expense
2022-12-22,All politics.,UNKNOWN,3511.0,Income
2022-12-28,Moment red eight hand.,NEC,771.61,Expense
2022-12-30,Us decade.,NEC,1286.74,Expense
2022-12-31,Life police.,NEC,1065.71,Expense
2023-01-03,Sea three state some around.,FFA,4105.0,Income
2023-01-04,American audience fight war whether.,PLAY,1259.88,Expense
2023-01-04,Rise mother.,UNKNOWN,4124.0,Income
2023-01-06,Moment eat personal.,NEC,1794.22,Expense
2023-01-09,See indeed black police group.,FFA,3645.0,Income
2023-01-10,Third coach congress husband.,NEC,635.86,Expense
2023-01-11,Move outside value.,UNKNOWN,1190.0,Income
2023-01-13,Yard foot he share issue.,PLAY,1560.15,Expense
2023-01-15,Drive nation heart nearly season.,PLAY,418.84,Expense
2023-01-16,Language however risk work.,PLAY,1498.21,Expense
2023-01-17,Career three according worker democrat.,NEC,1569.77,Expense
2023-01-18,Sign wall.,PLAY,994.83,Expense
2023-01-19,Memory number occur behind leave.,UNKNOWN,1081.0,Income
2023-01-19,Enter threat economic.,NEC,1973.9,Expense
2023-01-19,Begin hundred truth.,NEC,779.81,Expense
2023-01-19,Society common stay ready.,NEC,737.17,Expense
2023-01-19,Organization feel.,INCOME,1909.36,Expense
2023-01-20,Bad argue side girl.,NEC,1178.85,Expense
2023-01-21,Us building side section.,FFA,826.0,Income
2023-01-21,Him fight american music change.,NEC,1018.16,Expense
2023-01-22,Check purpose young.,NEC,852.91,Expense
2023-01-23,Offer bed it skill challenge.,NEC,562.16,Expense
2023-01-23,Live seat.,PLAY,1948.88,Expense
2023-01-23,Energy huge its recently.,UNKNOWN,3700.0,Income
2023-01-24,Nice maintain present cultural.,NEC,627.24,Expense
2023-01-24,Drug entire involve.,PLAY,125.23,Expense
2023-01-24,Both including.,UNKNOWN,1450.0,Income
2023-01-24,Couple general pretty show.,NEC,625.49,Expense
2023-01-24,Pattern wrong kind certainly.,NEC,247.69,Expense
2023-01-24,Current health serious.,NEC,336.03,Expense
2023-01-25,Science drug.,PLAY,342.26,Expense
2023-01-26,Add really born.,UNKNOWN,1467.0,Income
2023-01-27,Age decade mrs data.,NEC,676.67,Expense
2023-01-27,Nature performance yeah.,NEC,533.27,Expense
2023-01-28,On professional analysis color.,NEC,997.33,Expense
2023-01-29,Smile peace apply.,NEC,1004.22,Expense
2023-01-29,Home even.,HEALTH,323.05,Expense
2023-01-30,Affect test.,NEC,464.52,Expense
2023-01-31,Woman meet report.,NEC,1718.79,Expense
2023-01-31,Term mother cost may.,FFA,4364.0,Income
2023-02-01,Unit again easy morning four.,NEC,366.13,Expense
2023-02-02,Adult range green.,NEC,1110.2,Expense
2023-02-03,You without every.,NEC,456.79,Expense
2023-02-06,Election hit yourself wrong want.,HEALTH,549.8,Expense
2023-02-07,Charge today prevent.,UNKNOWN,1478.0,Income
2023-02-07,Minute question their rather.,NEC,366.9,Expense
2023-02-08,Of interview fine.,NEC,1908.62,Expense
2023-02-08,My deal catch must.,UNKNOWN,2812.0,Income
2023-02-09,Finally relate model.,PLAY,661.33,Expense
2023-02-12,Yet wish certain usually.,NEC,744.15,Expense
2023-02-13,Attack mouth rest contain.,PLAY,1481.76,Expense
2023-02-15,She they.,HEALTH,1187.46,Expense
2023-02-16,Field seat start pm.,PLAY,1467.6,Expense
2023-02-18,Single blood continue.,PLAY,309.63,Expense
2023-02-20,Note discuss discussion reach grow.,NEC,473.67,Expense
2023-02-20,Maybe painting republican.,NEC,1902.47,Expense
2023-02-22,System man case.,UNKNOWN,3019.0,Income
2023-02-22,Allow share address.,FFA,3939.0,Income
2023-02-24,Development provide dark daughter.,NEC,1945.39,Expense
2023-02-26,Term majority foot leader.,UNKNOWN,1262.0,Income
2023-02-26,If among save herself.,FFA,4757.0,Income
2023-02-26,Particularly score order modern.,HEALTH,922.33,Expense
2023-02-28,Body lead there there early.,NEC,1015.8,Expense
2023-03-03,Worker always hold share.,NEC,158.91,Expense
2023-03-03,Fact huge fight.,NEC,1328.26,Expense
2023-03-05,Coach family try ready.,UNKNOWN,2638.0,Income
2023-03-05,Stop later reveal both.,NEC,1404.44,Expense
2023-03-05,Career including late condition opportunity.,HEALTH,910.99,Expense
2023-03-07,Bed food possible represent.,PLAY,280.86,Expense
2023-03-08,Before relationship plant.,NEC,319.27,Expense
2023-03-08,Religious risk window partner civil.,UNKNOWN,3072.0,Income
2023-03-08,Analysis color friend the.,HEALTH,1929.62,Expense
2023-03-08,Than condition republican.,PLAY,932.06,Expense
2023-03-10,Finally shoulder land.,NEC,323.65,Expense
2023-03-10,Together whether about.,NEC,437.89,Expense
2023-03-12,Learn talk.,NEC,191.51,Expense
2023-03-13,Part management.,HEALTH,798.53,Expense
2023-03-13,Process law kind over according.,UNKNOWN,2631.0,Income
2023-03-13,People newspaper stay.,NEC,71.85,Expense
2023-03-15,Challenge president already.,INCOME,1116.35,Expense
2023-03-15,Study fear turn any indicate.,NEC,929.47,Expense
2023-03-16,Public particularly reality.,NEC,251.69,Expense
2023-03-16,Concern lay often use behavior.,FFA,1570.0,Income
2023-03-18,Happy her attack interview.,UNKNOWN,3549.0,Income
2023-03-18,Fall care.,NEC,1168.82,Expense
2023-03-21,Money modern receive partner.,NEC,53.38,Expense
2023-03-22,Role pick would low read.,UNKNOWN,1555.0,Income
2023-03-23,Participant first moment yet.,UNKNOWN,1503.0,Income
2023-03-23,Pass market role.,UNKNOWN,914.0,Income
2023-03-23,Space this discussion fact.,UNKNOWN,3735.0,Income
2023-03-24,Brother let.,NEC,1369.59,Expense
2023-03-27,Son yourself increase.,FFA,2033.0,Income
2023-03-29,Night point action cut.,INCOME,1768.01,Expense
2023-03-30,So film media.,FFA,2917.0,Income
2023-03-31,Box four.,INCOME,131.35,Expense
2023-03-31,Pattern ahead compare form full.,NEC,844.28,Expense
2023-04-01,Something population loss physical.,PLAY,1265.2,Expense
2023-04-01,Leg sport until argue.,NEC,1978.91,Expense
2023-04-04,North question new.,HEALTH,964.57,Expense
2023-04-07,Officer forward trouble.,HEALTH,1826.23,Expense
2023-04-08,Wide exactly.,NEC,548.17,Expense
2023-04-09,Worker phone success number.,FFA,740.0,Income
2023-04-10,Organization ten seem.,PLAY,126.6,Expense
2023-04-10,Even beautiful.,HEALTH,1536.02,Expense
2023-04-13,Later week democratic few.,NEC,209.27,Expense
2023-04-15,Size sing tree kitchen.,PLAY,1072.04,Expense
2023-04-16,Toward child future low.,NEC,1530.46,Expense
2023-04-20,Simply century the.,NEC,716.06,Expense
2023-04-20,Day already hold.,NEC,360.44,Expense
2023-04-21,About usually.,HEALTH,1828.82,Expense
2023-04-22,Level animal minute probably.,UNKNOWN,1664.0,Income
2023-04-22,Officer fine.,PLAY,1675.03,Expense
2023-04-23,Customer expert mother significant.,INCOME,1088.83,Expense
2023-04-24,Chance event address.,FFA,1239.0,Income
2023-04-25,Bill my near even wall.,FFA,663.0,Income
2023-05-02,Each author party full kitchen.,NEC,670.15,Expense
2023-05-02,Likely push.,NEC,688.11,Expense
2023-05-03,Approach interview condition other.,UNKNOWN,987.0,Income
2023-05-05,Green forward cup serve speak.,FFA,1408.0,Income
2023-05-05,Nothing behavior sort recognize.,HEALTH,1921.51,Expense
2023-05-05,Financial popular short like.,NEC,1176.17,Expense
2023-05-07,Technology pay tree.,HEALTH,281.54,Expense
2023-05-12,Record professor small.,UNKNOWN,4491.0,Income
2023-05-14,Maintain assume both long.,NEC,1417.29,Expense
2023-05-14,Should page camera.,HEALTH,454.24,Expense
2023-05-14,Stage someone for power.,NEC,762.98,Expense
2023-05-15,Leave opportunity draw during city.,PLAY,263.42,Expense
2023-05-15,At decade really issue.,NEC,1703.01,Expense
2023-05-16,Skin name door production back.,NEC,372.34,Expense
2023-05-17,Boy other foot best.,PLAY,1282.9,Expense
2023-05-18,Final image our.,UNKNOWN,1652.0,Income
2023-05-19,Management produce bed stage.,NEC,483.61,Expense
2023-05-20,Serious produce.,NEC,1276.01,Expense
2023-05-20,Factor past language day theory.,HEALTH,898.79,Expense
2023-05-20,Some quickly truth view response.,PLAY,1389.42,Expense
2023-05-22,Old particularly.,NEC,1443.62,Expense
2023-05-22,Summer system artist too.,UNKNOWN,3937.0,Income
2023-05-22,Reflect star.,NEC,991.23,Expense
2023-05-25,Technology tend.,NEC,211.84,Expense
2023-05-28,Reduce hour fish him.,PLAY,333.69,Expense
2023-05-29,Nation production little could.,FFA,2915.0,Income
2023-05-29,Style child young prove.,UNKNOWN,1357.0,Income
2023-05-30,Author administration.,FFA,3575.0,Income
2023-06-02,Window career case south.,FFA,4981.0,Income
2023-06-03,Us perhaps lawyer interest star.,NEC,682.52,Expense
2023-06-04,Difficult interesting account marriage.,INCOME,1411.96,Expense
2023-06-05,Especially unit office almost.,NEC,1218.56,Expense
2023-06-08,Low happy oil which bag.,NEC,211.5,Expense
2023-06-08,Let back three.,PLAY,824.47,Expense
2023-06-09,Line score whether.,PLAY,1324.59,Expense
2023-06-09,Something fine apply gas sing.,NEC,108.77,Expense
2023-06-10,Mention light safe inside.,INCOME,315.64,Expense
2023-06-10,Cold reason our.,NEC,184.38,Expense
2023-06-13,Employee picture official of prevent.,INCOME,407.35,Expense
2023-06-15,Agree machine camera baby six.,FFA,2890.0,Income
2023-06-16,Past every either.,INCOME,1689.1,Expense
2023-06-16,Company option character land space.,NEC,947.18,Expense
2023-06-17,Machine son television.,PLAY,191.36,Expense
2023-06-17,Whose other.,NEC,748.33,Expense
2023-06-19,Sell include himself produce.,NEC,897.09,Expense
2023-06-21,Official success approach.,INCOME,534.17,Expense
2023-06-22,Apply less.,NEC,310.75,Expense
2023-06-22,Live way two.,NEC,180.56,Expense
2023-06-23,Raise hope enjoy most.,NEC,1941.7,Expense
2023-06-25,Eye something.,NEC,1683.19,Expense
2023-06-25,Which raise american truth.,NEC,1931.6,Expense
2023-06-25,Particular present evening establish.,INCOME,1149.7,Expense
2023-06-26,Pressure hospital significant.,PLAY,167.12,Expense
2023-06-30,Side mind question year finish.,NEC,1009.18,Expense
2023-07-01,Story activity.,NEC,249.36,Expense
2023-07-02,Billion land detail exist cover.,NEC,1898.63,Expense
2023-07-05,Begin voice prevent structure wear.,FFA,2078.0,Income
2023-07-05,Beat painting heavy.,UNKNOWN,1141.0,Income
2023-07-06,To receive education.,NEC,411.82,Expense
2023-07-07,Police two.,NEC,1669.88,Expense
2023-07-07,Realize property show either.,NEC,183.18,Expense
2023-07-10,Since him four.,HEALTH,1714.68,Expense
2023-07-10,Western enough key.,NEC,1575.24,Expense
2023-07-10,Particular condition man.,NEC,233.91,Expense
2023-07-10,Shoulder despite poor tree resource.,FFA,1365.0,Income
2023-07-11,Authority number.,NEC,1573.63,Expense
2023-07-13,Affect marriage present a.,HEALTH,1757.01,Expense
2023-07-15,Entire record toward off.,INCOME,1148.33,Expense
2023-07-15,Long identify road speech.,NEC,558.07,Expense
2023-07-15,Difficult his ready sister building.,UNKNOWN,817.0,Income
2023-07-15,Four field area young.,HEALTH,1384.12,Expense
2023-07-15,Movement which ball least.,UNKNOWN,2700.0,Income
2023-07-16,Computer always his.,NEC,682.35,Expense
2023-07-17,Receive to piece.,PLAY,567.89,Expense
2023-07-18,Be plan same cause.,NEC,1945.27,Expense
2023-07-19,Rest or.,PLAY,1948.7,Expense
2023-07-19,As music film move.,HEALTH,546.15,Expense
2023-07-20,Already argue.,NEC,383.99,Expense
2023-07-21,Brother southern project learn.,NEC,1484.48,Expense
2023-07-23,Scientist do author.,HEALTH,1643.82,Expense
2023-07-25,President likely truth animal.,NEC,140.58,Expense
2023-07-26,Common anyone.,NEC,279.94,Expense
2023-07-27,Lay color.,NEC,355.74,Expense
2023-07-27,Box organization.,PLAY,1675.58,Expense
2023-07-30,Source international.,INCOME,110.61,Expense
2023-08-01,Building range national focus.,PLAY,555.22,Expense
2023-08-04,Or friend.,NEC,1274.47,Expense
2023-08-05,Center indeed recent.,FFA,2481.0,Income
2023-08-07,Just understand american.,INCOME,363.39,Expense
2023-08-07,Partner sing administration main according.,HEALTH,695.06,Expense
2023-08-09,Religious order.,PLAY,1500.43,Expense
2023-08-09,Really society live camera.,PLAY,64.63,Expense
2023-08-10,Mission include visit.,FFA,2313.0,Income
2023-08-10,Conference matter wear physical site.,PLAY,545.48,Expense
2023-08-11,Above dog brother morning.,NEC,1730.61,Expense
2023-08-16,Gun seven music despite show.,NEC,953.45,Expense
2023-08-17,Apply both chance.,FFA,569.0,Income
2023-08-17,Computer prove amount population.,PLAY,1428.35,Expense
2023-08-21,Itself free source.,PLAY,853.38,Expense
2023-08-22,Bit appear.,HEALTH,923.41,Expense
2023-08-23,Citizen ahead method.,PLAY,1357.62,Expense
2023-08-25,Return or for.,NEC,1173.13,Expense
2023-08-27,Discover body direction down.,UNKNOWN,2815.0,Income
2023-08-30,Heart determine likely.,NEC,968.66,Expense
2023-08-30,Three certain.,PLAY,1284.78,Expense
2023-08-30,Hold carry rest.,PLAY,1315.68,Expense
2023-08-30,Dark camera realize.,PLAY,384.84,Expense
2023-09-01,Carry surface learn.,PLAY,1800.38,Expense
2023-09-01,Detail far church some.,NEC,1324.46,Expense
2023-09-03,Wife talk beat tax majority.,NEC,1314.25,Expense
2023-09-04,List leg address into their.,PLAY,1814.75,Expense
2023-09-04,Its develop until watch.,NEC,1170.22,Expense
2023-09-04,Individual analysis.,PLAY,692.9,Expense
2023-09-07,Almost most look something.,INCOME,1813.99,Expense
2023-09-10,Manager bar send really.,PLAY,1692.38,Expense
2023-09-11,Car fast positive.,NEC,594.63,Expense
2023-09-11,Look fight.,PLAY,1453.12,Expense
2023-09-12,Section agency lawyer sign them.,NEC,1894.38,Expense
2023-09-12,Smile have less.,NEC,452.28,Expense
2023-09-13,Audience throw four allow international.,PLAY,846.74,Expense
2023-09-14,My some skin ball thing.,HEALTH,528.51,Expense
2023-09-14,War push thousand book half.,NEC,946.37,Expense
2023-09-14,Hand possible relate night.,NEC,949.72,Expense
2023-09-15,Wonder draw box.,FFA,3626.0,Income
2023-09-15,That reflect send set fly.,NEC,117.58,Expense
2023-09-16,Quite everyone as generation.,NEC,1984.77,Expense
2023-09-16,Money but report question.,INCOME,295.02,Expense
2023-09-21,Later happy pull.,NEC,1560.09,Expense
2023-09-21,Throughout leader bag.,NEC,633.69,Expense
2023-09-23,When baby clearly.,UNKNOWN,2740.0,Income
2023-09-24,Many themselves minute.,NEC,1156.8,Expense
2023-09-28,Indicate radio use.,FFA,1560.0,Income
2023-09-29,Information scene again country.,NEC,812.75,Expense
2023-10-03,Strong mind from.,NEC,19.29,Expense
2023-10-04,Pretty skin main program.,HEALTH,1900.64,Expense
2023-10-04,Knowledge fight car smile commercial.,PLAY,45.65,Expense
2023-10-05,Machine wife show.,FFA,2353.0,Income
2023-10-06,Good lay coach.,HEALTH,631.06,Expense
2023-10-08,Expect win stuff realize project.,UNKNOWN,1868.0,Income
2023-10-08,Draw american first.,FFA,2942.0,Income
2023-10-08,Employee continue none alone.,INCOME,1458.39,Expense
2023-10-09,Challenge large wish move.,HEALTH,872.99,Expense
2023-10-09,Identify material.,NEC,692.04,Expense
2023-10-11,Until choose wife national.,HEALTH,1502.73,Expense
2023-10-13,Positive far time wide.,UNKNOWN,656.0,Income
2023-10-14,Son rock two.,NEC,430.27,Expense
2023-10-14,Rule too.,FFA,1508.0,Income
2023-10-15,Bring agent pay detail group.,NEC,756.63,Expense
2023-10-15,Part crime.,NEC,1191.91,Expense
2023-10-16,Sit short cultural.,FFA,661.0,Income
2023-10-17,Support quality whatever wish hour.,FFA,3914.0,Income
2023-10-17,Owner memory argue project.,NEC,1099.09,Expense
2023-10-27,Respond into history.,NEC,418.93,Expense
2023-10-27,General final knowledge.,NEC,609.22,Expense
2023-10-29,Democratic thousand.,PLAY,1249.37,Expense
2023-10-30,Eye south wife interest.,NEC,1663.0,Expense
2023-10-30,Structure our century.,FFA,2815.0,Income
2023-11-04,Write moment friend value.,FFA,4577.0,Income
2023-11-05,According police.,FFA,2654.0,Income
2023-11-08,Company left nothing trip.,PLAY,722.26,Expense
2023-11-08,Strategy face make.,NEC,88.42,Expense
2023-11-08,Fight nice less agree able.,PLAY,1379.53,Expense
2023-11-09,What strong line.,PLAY,15.45,Expense
2023-11-09,Conference trade population agreement.,NEC,1672.11,Expense
2023-11-11,Yes at seat ok.,NEC,1899.4,Expense
2023-11-11,Than physical live reason.,NEC,1449.89,Expense
2023-11-13,Mention offer suddenly clear.,UNKNOWN,2393.0,Income
2023-11-14,Floor there career.,PLAY,535.61,Expense
2023-11-14,Evening information.,FFA,823.0,Income
2023-11-15,Face morning.,HEALTH,1605.18,Expense
2023-11-17,Create physical share out cold.,NEC,199.05,Expense
2023-11-18,Step rate feeling rate.,NEC,29.25,Expense
2023-11-21,Move goal.,FFA,3192.0,Income
2023-11-21,Carry example.,INCOME,1910.63,Expense
2023-11-22,Future treat bill choice.,NEC,751.52,Expense
2023-11-23,Somebody next ready.,NEC,807.55,Expense
2023-11-23,Republican reduce sort individual trouble.,PLAY,1673.06,Expense
2023-11-26,Type look find.,INCOME,1601.8,Expense
2023-11-26,Stage threat our.,NEC,234.98,Expense
2023-11-26,Report agreement sport.,NEC,1963.32,Expense
2023-11-26,Task central dinner.,NEC,837.9,Expense
2023-11-27,Candidate bad real.,INCOME,370.71,Expense
2023-11-27,Affect machine.,HEALTH,1226.6,Expense
2023-11-28,Cultural allow.,NEC,971.33,Expense
2023-11-28,Arrive budget education at property.,NEC,886.97,Expense
2023-11-29,Turn day top.,UNKNOWN,601.0,Income
2023-12-05,Ahead certainly second everyone.,PLAY,1956.01,Expense
2023-12-05,Goal talk sit party.,HEALTH,1043.01,Expense
2023-12-06,Attention standard shake more respond.,NEC,871.37,Expense
2023-12-08,Top mr wind.,INCOME,698.04,Expense
2023-12-09,Turn surface listen.,NEC,305.82,Expense
2023-12-09,Pull blue strong wonder.,NEC,33.17,Expense
2023-12-10,Method imagine seven.,INCOME,1705.22,Expense
2023-12-11,Letter mind many.,NEC,1505.35,Expense
2023-12-13,News american foreign.,HEALTH,1940.59,Expense
2023-12-14,Exist outside find wish.,FFA,3601.0,Income
2023-12-14,Network fact talk.,PLAY,166.87,Expense
2023-12-18,Thus sort.,INCOME,185.16,Expense
2023-12-20,Actually purpose public.,HEALTH,246.23,Expense
2023-12-21,Mission put budget house.,NEC,214.26,Expense
2023-12-22,Ask window full.,NEC,1653.56,Expense
2023-12-23,Do interesting material.,PLAY,1781.32,Expense
2023-12-25,Event smile popular hundred live.,INCOME,1901.21,Expense
2023-12-26,Memory challenge lawyer business.,NEC,1635.01,Expense
2023-12-27,Discuss wall ahead scene.,HEALTH,1124.7,Expense
2023-12-29,Question will him quickly.,INCOME,1436.15,Expense
2023-12-29,Perform benefit baby.,INCOME,236.91,Expense
2023-12-29,Society dark product make.,PLAY,14.37,Expense
2024-01-02,Gas teacher national weight all.,PLAY,1099.9,Expense
2024-01-02,Himself fire heavy.,NEC,101.1,Expense
2024-01-04,Allow news.,FFA,3852.0,Income
2024-01-04,Man care resource.,FFA,2036.0,Income
2024-01-07,Notice make.,UNKNOWN,2266.0,Income
2024-01-09,Occur live take media hot.,PLAY,1436.41,Expense
2024-01-09,Wife pay good within fly.,UNKNOWN,880.0,Income
2024-01-10,And student give score agree.,NEC,1546.57,Expense
2024-01-11,Best generation group goal.,NEC,1928.07,Expense
2024-01-11,Doctor fine be.,FFA,4045.0,Income
2024-01-11,Boy college mrs.,INCOME,1849.5,Expense
2024-01-12,Price institution method inside.,NEC,1386.72,Expense
2024-01-13,Onto worry help hope.,FFA,1348.0,Income
2024-01-14,Space beyond.,HEALTH,1013.18,Expense
2024-01-15,Market specific property coach.,PLAY,554.46,Expense
2024-01-16,Wide cut player wind.,PLAY,911.16,Expense
2024-01-16,Degree enter father of source.,UNKNOWN,4696.0,Income
2024-01-16,Behind front attack song little.,HEALTH,1426.63,Expense
2024-01-17,Somebody prepare few sound.,PLAY,409.77,Expense
2024-01-19,Finish increase economy middle public.,PLAY,1376.36,Expense
2024-01-19,Thing physical might.,NEC,1962.86,Expense
2024-01-19,Material produce station visit environmental.,NEC,1012.75,Expense
2024-01-19,Table trade various risk art.,HEALTH,1423.6,Expense
2024-01-20,Leg drive second she.,INCOME,1169.78,Expense
2024-01-22,Five store ask data.,NEC,1351.74,Expense
2024-01-23,Statement position either.,PLAY,1756.18,Expense
2024-01-24,Draw change agree someone.,NEC,1050.23,Expense
2024-01-25,Magazine yard instead town.,FFA,934.0,Income
2024-01-26,Evening ahead smile.,PLAY,541.29,Expense
2024-01-26,Compare system white magazine after.,PLAY,1369.95,Expense
2024-01-26,Own test too imagine.,FFA,2917.0,Income
2024-01-27,However style.,NEC,723.78,Expense
2024-01-28,Born same usually.,PLAY,1487.4,Expense
2024-01-30,Wear use edge this draw.,PLAY,1026.74,Expense
2024-02-01,Forget once hope security.,PLAY,1388.94,Expense
2024-02-06,Design blood degree ever.,UNKNOWN,3674.0,Income
2024-02-07,Television argue mouth.,HEALTH,1932.01,Expense
2024-02-07,Nation little east everyone.,UNKNOWN,2163.0,Income
2024-02-10,Little happy final population.,INCOME,1661.67,Expense
2024-02-10,Real small.,HEALTH,1512.66,Expense
2024-02-10,Need finally when.,PLAY,1554.53,Expense
2024-02-14,Movement door kind.,PLAY,903.14,Expense
2024-02-14,Until truth feeling view.,NEC,382.08,Expense
2024-02-15,Decision three trouble.,FFA,3590.0,Income
2024-02-16,Smile ever bag single.,UNKNOWN,2664.0,Income
2024-02-17,Say unit four institution.,UNKNOWN,546.0,Income
2024-02-19,Recognize media goal.,NEC,89.48,Expense
2024-02-21,Law agree appear political.,NEC,1549.59,Expense
2024-02-21,Able customer figure.,PLAY,986.2,Expense
2024-02-21,Book economic.,HEALTH,155.03,Expense
2024-02-22,Rate society floor long same.,PLAY,1914.41,Expense
2024-02-23,Reach step son.,NEC,837.7,Expense
2024-02-23,Increase consider.,NEC,705.31,Expense
2024-02-24,Difference way type positive phone.,HEALTH,668.82,Expense
2024-02-24,Cup red collection husband.,INCOME,1993.3,Expense
2024-02-25,Employee become happy water bring.,NEC,238.3,Expense
2024-02-27,Significant up still management.,PLAY,1809.95,Expense
2024-02-27,Course technology site.,PLAY,1918.2,Expense
2024-02-27,High issue deal democratic.,HEALTH,768.93,Expense
2024-02-28,Industry impact certainly.,NEC,777.89,Expense
2024-02-29,Dog late eat.,PLAY,59.16,Expense
2024-03-02,Beat light the window.,HEALTH,1033.48,Expense
2024-03-03,Require remain save.,INCOME,97.26,Expense
2024-03-05,Believe arrive.,PLAY,647.42,Expense
2024-03-05,Likely great paper.,FFA,1871.0,Income
2024-03-06,Effect people.,NEC,1257.6,Expense
2024-03-06,Provide car throughout american.,PLAY,1731.25,Expense
2024-03-06,College manage fund.,NEC,419.1,Expense
2024-03-07,Bed report item.,NEC,1296.66,Expense
2024-03-07,Finish without.,NEC,57.27,Expense
2024-03-08,Security unit executive.,NEC,184.17,Expense
2024-03-11,Stop unit might job close.,UNKNOWN,1077.0,Income
2024-03-13,New type pm.,PLAY,1822.86,Expense
2024-03-15,Country approach.,INCOME,1264.13,Expense
2024-03-16,Like clear.,NEC,785.11,Expense
2024-03-18,Break time manager kid.,FFA,1018.0,Income
2024-03-26,Leader both rest challenge.,NEC,1404.76,Expense
2024-03-27,Data exist.,FFA,2874.0,Income
2024-03-28,State none production defense your.,PLAY,1217.07,Expense
2024-03-29,Short congress turn east marriage.,INCOME,769.01,Expense
2024-03-30,Ago race quite hour.,NEC,953.24,Expense
2024-03-30,Child ball store process.,NEC,1496.04,Expense
2024-04-03,Western order accept wide prevent.,PLAY,1920.67,Expense
2024-04-04,Water yourself trade someone.,UNKNOWN,591.0,Income
2024-04-06,Tell soon executive.,NEC,255.24,Expense
2024-04-07,Natural own.,UNKNOWN,4900.0,Income
2024-04-08,Effort drive side human.,NEC,616.34,Expense
2024-04-09,Clear single expect.,HEALTH,431.36,Expense
2024-04-09,Fear song save.,NEC,330.3,Expense
2024-04-10,Capital program story mention majority.,PLAY,396.71,Expense
2024-04-10,Environmental outside bed institution.,FFA,4996.0,Income
2024-04-11,Control piece behavior message wind.,NEC,588.4,Expense
2024-04-13,Us money positive.,FFA,2117.0,Income
2024-04-16,Life bad soon.,INCOME,1903.56,Expense
2024-04-17,Worker range feel.,PLAY,209.09,Expense
2024-04-17,Into notice necessary true message.,PLAY,642.39,Expense
2024-04-17,Including let result spend.,PLAY,1389.98,Expense
2024-04-18,One shoulder administration.,UNKNOWN,3091.0,Income
2024-04-20,Skill successful and.,NEC,19.62,Expense
2024-04-21,Finish right serious.,PLAY,1427.28,Expense
2024-04-22,Space game truth special decision.,PLAY,1681.82,Expense
2024-04-23,Else pull its adult house.,UNKNOWN,4431.0,Income
2024-04-25,Pretty least if.,HEALTH,1551.79,Expense
2024-04-26,Peace wind guess.,NEC,359.78,Expense
2024-04-26,Because career course.,PLAY,1718.84,Expense
2024-04-30,Teacher decide possible.,FFA,2656.0,Income
2024-05-02,Success teach mrs beat.,NEC,1457.58,Expense
2024-05-03,Listen against coach.,NEC,1627.16,Expense
2024-05-04,White likely teacher one.,PLAY,1813.54,Expense
2024-05-04,Notice street anything.,INCOME,1311.28,Expense
2024-05-05,Piece require.,UNKNOWN,2329.0,Income
2024-05-05,Say other never fact.,PLAY,276.42,Expense
2024-05-14,Main opportunity particularly question.,NEC,799.6,Expense
2024-05-15,Research month instead.,PLAY,1697.48,Expense
2024-05-17,As throughout individual list manager.,NEC,1516.84,Expense
2024-05-20,Recently again explain court.,FFA,1967.0,Income
2024-05-22,Discussion detail training fund.,NEC,1474.48,Expense
2024-05-23,Third rich hospital.,HEALTH,90.44,Expense
2024-05-25,Somebody son suddenly perform.,PLAY,135.09,Expense
2024-05-26,Project can.,NEC,1340.49,Expense
2024-05-27,Paper beyond indeed.,HEALTH,782.31,Expense
2024-05-27,Doctor news yourself.,NEC,89.41,Expense
2024-05-31,Ground city still.,NEC,1410.44,Expense
2024-06-01,Southern front.,PLAY,1671.4,Expense
2024-06-02,Dinner no main year size.,NEC,759.55,Expense
2024-06-02,Environment character real middle prove.,NEC,1038.16,Expense
2024-06-03,Sometimes while sense window.,PLAY,1037.58,Expense
2024-06-04,Among black picture that treat.,HEALTH,978.85,Expense
2024-06-06,Remain seven marriage.,NEC,1008.66,Expense
2024-06-07,Positive free case.,FFA,2384.0,Income
2024-06-09,Wide shoulder according strong.,UNKNOWN,2232.0,Income
2024-06-10,Expert commercial entire resource.,FFA,3467.0,Income
2024-06-12,Picture early send morning.,NEC,1325.61,Expense
2024-06-13,Soon including important.,HEALTH,1443.31,Expense
2024-06-13,Some gun ahead certainly act.,INCOME,963.25,Expense
2024-06-14,Be fire.,NEC,54.67,Expense
2024-06-15,Article service produce political.,FFA,1603.0,Income
2024-06-16,Within woman.,NEC,1782.69,Expense
2024-06-17,Information though red.,FFA,2615.0,Income
2024-06-21,Training account evidence month.,NEC,1202.72,Expense
2024-06-21,Land day name small.,NEC,1758.23,Expense
2024-06-22,Thought sit identify culture.,PLAY,1895.04,Expense
2024-06-23,Already free.,INCOME,1735.93,Expense
2024-06-23,Yeah exist behavior necessary miss.,UNKNOWN,1669.0,Income
2024-06-23,Agreement someone.,NEC,1250.19,Expense
2024-06-23,Strategy fight institution.,NEC,1451.13,Expense
2024-06-23,Rule success.,INCOME,1197.1,Expense
2024-07-01,Medical buy series walk large.,UNKNOWN,3657.0,Income
2024-07-05,Law work.,FFA,2157.0,Income
2024-07-06,Research visit program suddenly doctor.,NEC,1654.76,Expense
2024-07-07,Project spring of.,NEC,956.98,Expense
2024-07-07,Mind easy foreign old.,NEC,1756.73,Expense
2024-07-07,Better republican stock bank.,NEC,195.45,Expense
2024-07-07,Thousand live land hard.,NEC,1794.97,Expense
2024-07-13,Open million house enough.,NEC,1048.87,Expense
2024-07-13,You ready way rule.,NEC,1398.31,Expense
2024-07-16,Certain camera represent.,INCOME,1581.22,Expense
2024-07-20,Tell brother defense list second.,NEC,856.72,Expense
2024-07-21,Tv budget system book.,PLAY,1821.07,Expense
2024-07-22,Face mission brother figure hear.,UNKNOWN,2611.0,Income
2024-07-23,Agreement central six instead.,FFA,4780.0,Income
2024-07-23,Democratic standard major.,FFA,3572.0,Income
2024-07-25,Give that individual of not.,HEALTH,823.6,Expense
2024-07-26,Little result paper seven.,UNKNOWN,2577.0,Income
2024-07-26,Seven project chance road.,NEC,1133.69,Expense
2024-07-26,Professor important do house must.,NEC,1512.39,Expense
2024-07-26,Position tend religious.,INCOME,365.65,Expense
2024-07-27,Someone religious night buy nice.,INCOME,515.02,Expense
2024-07-27,My serious whatever miss seek.,HEALTH,1550.65,Expense
2024-07-27,Build view.,NEC,1711.45,Expense
2024-07-28,Ever day.,PLAY,898.72,Expense
2024-07-28,Be move fly open.,NEC,209.55,Expense
2024-07-29,Future congress.,HEALTH,1603.7,Expense
2024-07-29,Fish either boy between collection.,NEC,329.87,Expense
2024-07-29,Eight bed fill.,NEC,1610.7,Expense
2024-07-30,Arrive which consider.,INCOME,1852.46,Expense
2024-07-30,Hope floor include.,NEC,533.55,Expense
2024-08-01,Heart still building.,NEC,1451.74,Expense
2024-08-02,Sell only manage.,NEC,1231.79,Expense
2024-08-02,We especially five network.,NEC,1891.97,Expense
2024-08-03,Ahead plant trial affect.,INCOME,883.55,Expense
2024-08-03,Push east never size fight.,PLAY,397.55,Expense
2024-08-08,Base player data whose.,PLAY,1234.23,Expense
2024-08-09,World site mr interest treatment.,HEALTH,486.12,Expense
2024-08-11,A let.,FFA,1211.0,Income
2024-08-14,A value lot.,NEC,712.72,Expense
2024-08-14,Yourself successful defense subject.,PLAY,1040.31,Expense
2024-08-14,Claim move.,NEC,1839.16,Expense
2024-08-15,Bed recognize store.,HEALTH,701.48,Expense
2024-08-22,There decision measure.,PLAY,1216.66,Expense
2024-08-23,Play woman remain event.,UNKNOWN,538.0,Income
2024-08-25,Decision where foreign trial.,NEC,1017.41,Expense
2024-08-25,Participant above.,PLAY,686.53,Expense
2024-08-25,Including time reflect.,UNKNOWN,4906.0,Income
2024-08-27,Ball theory prepare much throughout.,PLAY,1391.44,Expense
2024-08-27,Good spend still.,INCOME,1542.23,Expense
2024-08-28,Concern should recent across.,INCOME,1366.37,Expense
2024-08-28,View know develop after.,NEC,969.12,Expense
2024-08-28,Course staff personal space.,NEC,1270.99,Expense
2024-08-30,Woman whose already.,PLAY,1602.32,Expense
2024-09-01,Decide cultural start how thank.,HEALTH,1037.84,Expense
2024-09-02,Management necessary process not.,UNKNOWN,2533.0,Income
2024-09-05,Assume campaign assume.,NEC,1350.66,Expense
2024-09-05,Talk thing rock ever summer.,NEC,1113.56,Expense
2024-09-05,Pass quite third ability interview.,UNKNOWN,3396.0,Income
2024-09-05,Item yet ever quite.,PLAY,373.74,Expense
2024-09-06,Guess service this different.,PLAY,1003.01,Expense
2024-09-07,Mother first hot free.,FFA,2674.0,Income
2024-09-08,Wrong difficult.,PLAY,1671.53,Expense
2024-09-10,True culture.,HEALTH,320.43,Expense
2024-09-13,As personal agreement.,FFA,4535.0,Income
2024-09-15,Or phone.,NEC,1697.54,Expense
2024-09-16,East list when.,HEALTH,989.76,Expense
2024-09-17,Mind door authority outside.,PLAY,986.7,Expense
2024-09-17,Personal often.,PLAY,801.78,Expense
2024-09-17,True help.,NEC,117.75,Expense
2024-09-18,Artist sort area.,INCOME,1879.91,Expense
2024-09-21,Big argue.,UNKNOWN,3725.0,Income
2024-09-22,Sure i pay.,NEC,919.82,Expense
2024-09-23,Ten skin perhaps.,UNKNOWN,3085.0,Income
2024-09-24,Less into per big.,NEC,1351.47,Expense
2024-09-25,Military onto blue activity.,NEC,657.62,Expense
2024-09-26,Smile cover of pm eight.,PLAY,382.43,Expense
2024-09-26,Right know during someone.,PLAY,947.98,Expense
2024-09-27,Find job where.,HEALTH,375.99,Expense
2024-09-27,On must certainly.,NEC,1404.42,Expense
2024-10-01,Owner fact wife.,NEC,566.46,Expense
2024-10-01,Price certain down standard nice.,FFA,2372.0,Income
2024-10-02,Gas with policy cut.,PLAY,1610.13,Expense
2024-10-02,Country little reality level.,NEC,400.17,Expense
2024-10-03,Not friend federal forget bit.,NEC,951.24,Expense
2024-10-04,Detail about development discover.,UNKNOWN,4592.0,Income
2024-10-04,Lose shoulder spring.,UNKNOWN,4486.0,Income
2024-10-07,Hundred step according.,NEC,802.82,Expense
2024-10-08,Group never.,NEC,438.78,Expense
2024-10-09,Key place tree.,NEC,905.21,Expense
2024-10-10,Wish current.,HEALTH,727.01,Expense
2024-10-10,Despite energy company.,PLAY,694.84,Expense
2024-10-11,Condition again successful.,HEALTH,1736.06,Expense
2024-10-12,Story case.,PLAY,1157.94,Expense
2024-10-15,Very figure drive special.,NEC,1958.95,Expense
2024-10-17,With young think there assume.,HEALTH,1349.65,Expense
2024-10-17,Some court her.,INCOME,1780.37,Expense
2024-10-18,Outside with each animal.,PLAY,932.87,Expense
2024-10-19,Take family chance.,NEC,1284.76,Expense
2024-10-19,Picture evidence.,NEC,1266.23,Expense
2024-10-21,Why though decide bank likely.,NEC,167.43,Expense
2024-10-21,Meet seem population.,HEALTH,640.59,Expense
2024-10-21,Material less focus hear.,PLAY,1214.72,Expense
2024-10-23,Listen ok point so.,INCOME,1564.14,Expense
2024-10-24,Detail data tell.,INCOME,833.84,Expense
2024-10-28,Fill thousand number.,FFA,1524.0,Income
2024-11-01,Nearly care base.,PLAY,1881.47,Expense
2024-11-02,Goal once let perform international.,NEC,429.04,Expense
2024-11-03,Important source first him.,NEC,136.95,Expense
2024-11-03,Doctor population grow bar.,NEC,62.47,Expense
2024-11-11,National back everybody direction budget.,NEC,216.82,Expense
2024-11-11,National free.,NEC,1313.12,Expense
2024-11-12,Few spring raise.,PLAY,466.42,Expense
2024-11-13,Relationship your your.,INCOME,1256.7,Expense
2024-11-13,Across federal state.,FFA,734.0,Income
2024-11-13,State serious activity pressure.,UNKNOWN,3164.0,Income
2024-11-13,Dinner rich decide do.,INCOME,1950.21,Expense
2024-11-14,Serious reveal left social fine.,PLAY,1101.61,Expense
2024-11-14,Show recently decide last.,FFA,4240.0,Income
2024-11-16,Hear officer.,NEC,1051.69,Expense
2024-11-17,Wall act special.,PLAY,1818.76,Expense
2024-11-17,Different international sell several.,PLAY,1611.37,Expense
2024-11-17,For age size.,HEALTH,830.29,Expense
2024-11-17,With yes nothing.,FFA,500.0,Income
2024-11-18,Woman daughter hospital move.,NEC,694.33,Expense
2024-11-18,Board notice later thus.,NEC,1378.66,Expense
2024-11-19,Bit need allow.,INCOME,606.22,Expense
2024-11-20,Cost attorney.,PLAY,1198.04,Expense
2024-11-20,Day fact modern.,HEALTH,385.26,Expense
2024-11-22,Happy action.,NEC,795.56,Expense
2024-11-23,Hospital writer can industry.,UNKNOWN,3599.0,Income
2024-11-24,Western tend candidate day.,NEC,850.26,Expense
2024-11-24,City offer financial data.,PLAY,576.51,Expense
2024-11-24,Cut yard knowledge.,PLAY,831.68,Expense
2024-11-25,Space moment travel these least.,NEC,281.88,Expense
2024-11-25,Say explain.,UNKNOWN,4209.0,Income
2024-11-25,Red republican father party.,INCOME,383.7,Expense
2024-11-26,Eat tonight run leader.,FFA,4882.0,Income
2024-11-29,Believe recognize analysis those citizen.,FFA,2811.0,Income
2024-11-30,Project at risk.,INCOME,1456.94,Expense
2024-12-02,In seven building hard.,NEC,39.3,Expense
2024-12-05,Short for late education.,NEC,630.04,Expense
2024-12-06,Left available.,HEALTH,932.73,Expense
2024-12-09,Gas human create also.,HEALTH,169.64,Expense
2024-12-11,Remember carry.,NEC,121.52,Expense
2024-12-12,Leave bar prevent require.,NEC,1090.95,Expense
2024-12-12,Likely evidence claim.,UNKNOWN,3625.0,Income
2024-12-15,Beyond family movement hospital back.,NEC,1949.45,Expense
2024-12-16,Child group describe.,NEC,1544.74,Expense
2024-12-19,Democratic recent student specific political.,NEC,406.37,Expense
2024-12-19,Real know our any.,NEC,1047.07,Expense
2024-12-21,Up hear draw.,INCOME,784.35,Expense
2024-12-23,Instead writer.,HEALTH,325.64,Expense
2024-12-28,Quite as when.,NEC,514.09,Expense
2024-12-28,Right analysis mention.,PLAY,727.25,Expense
2024-12-28,No couple debate must.,FFA,1425.0,Income
2024-12-29,Discussion black follow.,NEC,655.78,Expense
2024-12-29,Pressure activity defense detail.,UNKNOWN,1480.0,Income
